2026-10-02 22:07:29,863 | INFO | EVENT=FACE_DETECTED | confidence=0.91 | metadata={"metadata": {"frame": 1, "bbox": [7, 178, 93, 264]}}
2026-10-02 22:07:29,864 | INFO | EVENT=TRACKING | track_id=1 | confidence=0.91 | metadata={"metadata": {"bbox": [7, 178, 93, 264]}}
2026-10-02 22:07:29,935 | INFO | EVENT=EMBEDDING_GENERATED | metadata={"metadata": {"dim": 512, "fallback": true}}
2026-10-02 22:07:29,977 | INFO | EVENT=TRACKING | track_id=1 | confidence=0.91 | metadata={"metadata": {"bbox": [7, 178, 93, 264]}}
2026-10-02 22:07:30,000 | INFO | EVENT=EMBEDDING_GENERATED | metadata={"metadata": {"dim": 512, "fallback": true}}
2026-10-02 22:07:30,007 | INFO | EVENT=TRACKING | track_id=1 | confidence=0.91 | metadata={"metadata": {"bbox": [7, 178, 93, 264]}}
2026-10-02 22:07:30,025 | INFO | EVENT=EMBEDDING_GENERATED | metadata={"metadata": {"dim": 512, "fallback": true}}
2026-10-02 22:07:30,044 | INFO | EVENT=EMBEDDING_GENERATED | metadata={"metadata": {"dim": 512, "fallback": true}}
2026-10-02 22:07:30,055 | INFO | EVENT=NEW_FACE_REGISTERED | face_id=VIS-00001 | track_id=1 | confidence=0.91 | metadata={"metadata": {"quality_score": 424614.87, "sharpness": 5424.7}}
2026-10-02 22:07:30,055 | ERROR | EVENT=APPLICATION_ERROR | metadata={"metadata": {"error": "The truth value of an array with more than one element is ambiguous. Use a.any() or a.all()"}}
2026-10-02 23:07:53,538 | INFO | EVENT=FACE_DETECTED | confidence=0.91 | metadata={"frame": 1, "bbox": [7, 178, 93, 264]}
2026-10-02 23:07:53,539 | INFO | EVENT=TRACKING | track_id=1 | confidence=0.91 | metadata={"bbox": [7, 178, 93, 264]}
2026-10-02 23:07:53,594 | INFO | EVENT=EMBEDDING_GENERATED | metadata={"dim": 512, "fallback": true}
2026-10-02 23:07:53,631 | INFO | EVENT=TRACKING | track_id=1 | confidence=0.91 | metadata={"bbox": [7, 178, 93, 264]}
2026-10-02 23:07:53,653 | INFO | EVENT=EMBEDDING_GENERATED | metadata={"dim": 512, "fallback": true}
2026-10-02 23:07:53,661 | INFO | EVENT=TRACKING | track_id=1 | confidence=0.91 | metadata={"bbox": [7, 178, 93, 264]}
2026-10-02 23:07:53,682 | INFO | EVENT=EMBEDDING_GENERATED | metadata={"dim": 512, "fallback": true}
2026-10-02 23:07:53,701 | INFO | EVENT=EMBEDDING_GENERATED | metadata={"dim": 512, "fallback": true}
2026-10-02 23:07:53,716 | INFO | EVENT=NEW_FACE_REGISTERED | face_id=VIS-00001 | track_id=1 | confidence=0.91 | metadata={"quality_score": 424614.87, "sharpness": 5424.7}
2026-10-02 23:07:53,730 | INFO | EVENT=TRACKING | track_id=1 | confidence=0.91 | metadata={"bbox": [7, 178, 93, 264]}
2026-10-02 23:07:53,748 | INFO | EVENT=EMBEDDING_GENERATED | metadata={"dim": 512, "fallback": true}
2026-10-02 23:07:53,748 | INFO | EVENT=RECOGNIZED | face_id=VIS-00001 | confidence=0.95
2026-10-02 23:07:53,753 | INFO | EVENT=TRACKING | track_id=1 | confidence=0.91 | metadata={"bbox": [7, 178, 93, 264]}
2026-10-02 23:07:53,769 | INFO | EVENT=EMBEDDING_GENERATED | metadata={"dim": 512, "fallback": true}
2026-10-02 23:07:53,769 | INFO | EVENT=RECOGNIZED | face_id=VIS-00001 | confidence=0.91
2026-10-02 23:07:53,774 | INFO | EVENT=TRACKING | track_id=1 | confidence=0.91 | metadata={"bbox": [7, 178, 93, 264]}
2026-10-02 23:07:53,791 | INFO | EVENT=EMBEDDING_GENERATED | metadata={"dim": 512, "fallback": true}
2026-10-02 23:07:53,792 | INFO | EVENT=RECOGNIZED | face_id=VIS-00001 | confidence=0.88
2026-10-02 23:07:53,948 | INFO | EVENT=FACE_DETECTED | confidence=0.91 | metadata={"frame": 7, "bbox": [45, 179, 129, 263]}
2026-10-02 23:07:53,950 | INFO | EVENT=TRACKING | track_id=1 | confidence=0.91 | metadata={"bbox": [45, 179, 129, 263]}
2026-10-02 23:07:53,970 | INFO | EVENT=EMBEDDING_GENERATED | metadata={"dim": 512, "fallback": true}
2026-10-02 23:07:53,970 | INFO | EVENT=RECOGNIZED | face_id=VIS-00001 | confidence=0.98
2026-10-02 23:07:53,978 | INFO | EVENT=TRACKING | track_id=1 | confidence=0.91 | metadata={"bbox": [45, 179, 129, 263]}
2026-10-02 23:07:53,997 | INFO | EVENT=EMBEDDING_GENERATED | metadata={"dim": 512, "fallback": true}
2026-10-02 23:07:53,998 | INFO | EVENT=RECOGNIZED | face_id=VIS-00001 | confidence=0.99
2026-10-02 23:07:54,005 | INFO | EVENT=TRACKING | track_id=1 | confidence=0.91 | metadata={"bbox": [45, 179, 129, 263]}
2026-10-02 23:07:54,025 | INFO | EVENT=EMBEDDING_GENERATED | metadata={"dim": 512, "fallback": true}
2026-10-02 23:07:54,026 | INFO | EVENT=RECOGNIZED | face_id=VIS-00001 | confidence=0.96
2026-10-02 23:07:54,032 | INFO | EVENT=TRACKING | track_id=1 | confidence=0.91 | metadata={"bbox": [45, 179, 129, 263]}
2026-10-02 23:07:54,052 | INFO | EVENT=EMBEDDING_GENERATED | metadata={"dim": 512, "fallback": true}
2026-10-02 23:07:54,052 | INFO | EVENT=RECOGNIZED | face_id=VIS-00001 | confidence=0.95
2026-10-02 23:07:54,058 | INFO | EVENT=TRACKING | track_id=1 | confidence=0.91 | metadata={"bbox": [45, 179, 129, 263]}
2026-10-02 23:07:54,078 | INFO | EVENT=EMBEDDING_GENERATED | metadata={"dim": 512, "fallback": true}
2026-10-02 23:07:54,078 | INFO | EVENT=RECOGNIZED | face_id=VIS-00001 | confidence=0.91
2026-10-02 23:07:54,086 | INFO | EVENT=TRACKING | track_id=1 | confidence=0.91 | metadata={"bbox": [45, 179, 129, 263]}
2026-10-02 23:07:54,105 | INFO | EVENT=EMBEDDING_GENERATED | metadata={"dim": 512, "fallback": true}
2026-10-02 23:07:54,106 | INFO | EVENT=RECOGNIZED | face_id=VIS-00001 | confidence=0.87
2026-10-02 23:07:54,247 | INFO | EVENT=FACE_DETECTED | confidence=0.91 | metadata={"frame": 13, "bbox": [82, 178, 168, 264]}
2026-10-02 23:07:54,250 | INFO | EVENT=TRACKING | track_id=1 | confidence=0.91 | metadata={"bbox": [82, 178, 168, 264]}
2026-10-02 23:07:54,270 | INFO | EVENT=EMBEDDING_GENERATED | metadata={"dim": 512, "fallback": true}
2026-10-02 23:07:54,270 | INFO | EVENT=RECOGNIZED | face_id=VIS-00001 | confidence=0.98
2026-10-02 23:07:54,278 | INFO | EVENT=TRACKING | track_id=1 | confidence=0.91 | metadata={"bbox": [82, 178, 168, 264]}
2026-10-02 23:07:54,297 | INFO | EVENT=EMBEDDING_GENERATED | metadata={"dim": 512, "fallback": true}
2026-10-02 23:07:54,298 | INFO | EVENT=RECOGNIZED | face_id=VIS-00001 | confidence=0.99
2026-10-02 23:07:54,304 | INFO | EVENT=TRACKING | track_id=1 | confidence=0.91 | metadata={"bbox": [82, 178, 168, 264]}
2026-10-02 23:07:54,325 | INFO | EVENT=EMBEDDING_GENERATED | metadata={"dim": 512, "fallback": true}
2026-10-02 23:07:54,325 | INFO | EVENT=RECOGNIZED | face_id=VIS-00001 | confidence=0.97
2026-10-02 23:07:54,332 | INFO | EVENT=TRACKING | track_id=1 | confidence=0.91 | metadata={"bbox": [82, 178, 168, 264]}
2026-10-02 23:07:54,353 | INFO | EVENT=EMBEDDING_GENERATED | metadata={"dim": 512, "fallback": true}
2026-10-02 23:07:54,353 | INFO | EVENT=RECOGNIZED | face_id=VIS-00001 | confidence=0.95
2026-10-02 23:07:54,360 | INFO | EVENT=TRACKING | track_id=1 | confidence=0.91 | metadata={"bbox": [82, 178, 168, 264]}
2026-10-02 23:07:54,380 | INFO | EVENT=EMBEDDING_GENERATED | metadata={"dim": 512, "fallback": true}
2026-10-02 23:07:54,380 | INFO | EVENT=RECOGNIZED | face_id=VIS-00001 | confidence=0.91
2026-10-02 23:07:54,388 | INFO | EVENT=TRACKING | track_id=1 | confidence=0.91 | metadata={"bbox": [82, 178, 168, 264]}
2026-10-02 23:07:54,413 | INFO | EVENT=EMBEDDING_GENERATED | metadata={"dim": 512, "fallback": true}
2026-10-02 23:07:54,414 | INFO | EVENT=RECOGNIZED | face_id=VIS-00001 | confidence=0.87
2026-10-02 23:07:54,546 | INFO | EVENT=FACE_DETECTED | confidence=0.91 | metadata={"frame": 19, "bbox": [120, 178, 206, 264]}
2026-10-02 23:07:54,548 | INFO | EVENT=TRACKING | track_id=1 | confidence=0.91 | metadata={"bbox": [120, 178, 206, 264]}
2026-10-02 23:07:54,568 | INFO | EVENT=EMBEDDING_GENERATED | metadata={"dim": 512, "fallback": true}
2026-10-02 23:07:54,568 | INFO | EVENT=RECOGNIZED | face_id=VIS-00001 | confidence=0.98
2026-10-02 23:07:54,574 | INFO | EVENT=TRACKING | track_id=1 | confidence=0.91 | metadata={"bbox": [120, 178, 206, 264]}
2026-10-02 23:07:54,596 | INFO | EVENT=EMBEDDING_GENERATED | metadata={"dim": 512, "fallback": true}
2026-10-02 23:07:54,596 | INFO | EVENT=RECOGNIZED | face_id=VIS-00001 | confidence=0.99
2026-10-02 23:07:54,603 | INFO | EVENT=TRACKING | track_id=1 | confidence=0.91 | metadata={"bbox": [120, 178, 206, 264]}
2026-10-02 23:07:54,629 | INFO | EVENT=EMBEDDING_GENERATED | metadata={"dim": 512, "fallback": true}
2026-10-02 23:07:54,630 | INFO | EVENT=RECOGNIZED | face_id=VIS-00001 | confidence=0.97
2026-10-02 23:07:54,637 | INFO | EVENT=TRACKING | track_id=1 | confidence=0.91 | metadata={"bbox": [120, 178, 206, 264]}
2026-10-02 23:07:54,658 | INFO | EVENT=EMBEDDING_GENERATED | metadata={"dim": 512, "fallback": true}
2026-10-02 23:07:54,658 | INFO | EVENT=RECOGNIZED | face_id=VIS-00001 | confidence=0.95
2026-10-02 23:07:54,665 | INFO | EVENT=TRACKING | track_id=1 | confidence=0.91 | metadata={"bbox": [120, 178, 206, 264]}
2026-10-02 23:07:54,683 | INFO | EVENT=EMBEDDING_GENERATED | metadata={"dim": 512, "fallback": true}
2026-10-02 23:07:54,683 | INFO | EVENT=RECOGNIZED | face_id=VIS-00001 | confidence=0.92
2026-10-02 23:07:54,690 | INFO | EVENT=TRACKING | track_id=1 | confidence=0.91 | metadata={"bbox": [120, 178, 206, 264]}
2026-10-02 23:07:54,710 | INFO | EVENT=EMBEDDING_GENERATED | metadata={"dim": 512, "fallback": true}
2026-10-02 23:07:54,710 | INFO | EVENT=RECOGNIZED | face_id=VIS-00001 | confidence=0.88
2026-10-02 23:07:54,865 | INFO | EVENT=FACE_DETECTED | confidence=0.91 | metadata={"frame": 25, "bbox": [157, 175, 245, 263]}
2026-10-02 23:07:54,867 | INFO | EVENT=TRACKING | track_id=1 | confidence=0.91 | metadata={"bbox": [157, 175, 245, 263]}
2026-10-02 23:07:54,886 | INFO | EVENT=EMBEDDING_GENERATED | metadata={"dim": 512, "fallback": true}
2026-10-02 23:07:54,887 | INFO | EVENT=RECOGNIZED | face_id=VIS-00001 | confidence=0.96
2026-10-02 23:07:54,896 | INFO | EVENT=TRACKING | track_id=1 | confidence=0.91 | metadata={"bbox": [157, 175, 245, 263]}
2026-10-02 23:07:54,916 | INFO | EVENT=EMBEDDING_GENERATED | metadata={"dim": 512, "fallback": true}
2026-10-02 23:07:54,917 | INFO | EVENT=RECOGNIZED | face_id=VIS-00001 | confidence=0.97
2026-10-02 23:07:54,923 | INFO | EVENT=TRACKING | track_id=1 | confidence=0.91 | metadata={"bbox": [157, 175, 245, 263]}
2026-10-02 23:07:54,942 | INFO | EVENT=EMBEDDING_GENERATED | metadata={"dim": 512, "fallback": true}
2026-10-02 23:07:54,943 | INFO | EVENT=RECOGNIZED | face_id=VIS-00001 | confidence=0.96
2026-10-02 23:07:54,949 | INFO | EVENT=TRACKING | track_id=1 | confidence=0.91 | metadata={"bbox": [157, 175, 245, 263]}
2026-10-02 23:07:54,969 | INFO | EVENT=EMBEDDING_GENERATED | metadata={"dim": 512, "fallback": true}
2026-10-02 23:07:54,969 | INFO | EVENT=RECOGNIZED | face_id=VIS-00001 | confidence=0.95
2026-10-02 23:07:54,975 | INFO | EVENT=TRACKING | track_id=1 | confidence=0.91 | metadata={"bbox": [157, 175, 245, 263]}
2026-10-02 23:07:54,995 | INFO | EVENT=EMBEDDING_GENERATED | metadata={"dim": 512, "fallback": true}
2026-10-02 23:07:54,996 | INFO | EVENT=RECOGNIZED | face_id=VIS-00001 | confidence=0.91
2026-10-02 23:07:55,002 | INFO | EVENT=TRACKING | track_id=1 | confidence=0.91 | metadata={"bbox": [157, 175, 245, 263]}
2026-10-02 23:07:55,022 | INFO | EVENT=EMBEDDING_GENERATED | metadata={"dim": 512, "fallback": true}
2026-10-02 23:07:55,023 | INFO | EVENT=RECOGNIZED | face_id=VIS-00001 | confidence=0.89
2026-10-02 23:07:55,146 | INFO | EVENT=FACE_DETECTED | confidence=0.91 | metadata={"frame": 31, "bbox": [193, 175, 281, 263]}
2026-10-02 23:07:55,148 | INFO | EVENT=TRACKING | track_id=1 | confidence=0.91 | metadata={"bbox": [193, 175, 281, 263]}
2026-10-02 23:07:55,169 | INFO | EVENT=EMBEDDING_GENERATED | metadata={"dim": 512, "fallback": true}
2026-10-02 23:07:55,169 | INFO | EVENT=RECOGNIZED | face_id=VIS-00001 | confidence=0.95
2026-10-02 23:07:55,175 | INFO | EVENT=TRACKING | track_id=1 | confidence=0.91 | metadata={"bbox": [193, 175, 281, 263]}
2026-10-02 23:07:55,195 | INFO | EVENT=EMBEDDING_GENERATED | metadata={"dim": 512, "fallback": true}
2026-10-02 23:07:55,196 | INFO | EVENT=RECOGNIZED | face_id=VIS-00001 | confidence=0.96
2026-10-02 23:07:55,202 | INFO | EVENT=TRACKING | track_id=1 | confidence=0.91 | metadata={"bbox": [193, 175, 281, 263]}
2026-10-02 23:07:55,222 | INFO | EVENT=EMBEDDING_GENERATED | metadata={"dim": 512, "fallback": true}
2026-10-02 23:07:55,223 | INFO | EVENT=RECOGNIZED | face_id=VIS-00001 | confidence=0.93
2026-10-02 23:07:55,229 | INFO | EVENT=TRACKING | track_id=1 | confidence=0.91 | metadata={"bbox": [193, 175, 281, 263]}
2026-10-02 23:07:55,250 | INFO | EVENT=EMBEDDING_GENERATED | metadata={"dim": 512, "fallback": true}
2026-10-02 23:07:55,250 | INFO | EVENT=RECOGNIZED | face_id=VIS-00001 | confidence=0.91
2026-10-02 23:07:55,257 | INFO | EVENT=TRACKING | track_id=1 | confidence=0.91 | metadata={"bbox": [193, 175, 281, 263]}
2026-10-02 23:07:55,277 | INFO | EVENT=EMBEDDING_GENERATED | metadata={"dim": 512, "fallback": true}
2026-10-02 23:07:55,278 | INFO | EVENT=RECOGNIZED | face_id=VIS-00001 | confidence=0.88
2026-10-02 23:07:55,285 | INFO | EVENT=TRACKING | track_id=1 | confidence=0.91 | metadata={"bbox": [193, 175, 281, 263]}
2026-10-02 23:07:55,306 | INFO | EVENT=EMBEDDING_GENERATED | metadata={"dim": 512, "fallback": true}
2026-10-02 23:07:55,306 | INFO | EVENT=RECOGNIZED | face_id=VIS-00001 | confidence=0.85
2026-10-02 23:07:55,429 | INFO | EVENT=FACE_DETECTED | confidence=0.91 | metadata={"frame": 37, "bbox": [231, 177, 317, 263]}
2026-10-02 23:07:55,430 | INFO | EVENT=TRACKING | track_id=1 | confidence=0.91 | metadata={"bbox": [231, 177, 317, 263]}
2026-10-02 23:07:55,452 | INFO | EVENT=EMBEDDING_GENERATED | metadata={"dim": 512, "fallback": true}
2026-10-02 23:07:55,453 | INFO | EVENT=RECOGNIZED | face_id=VIS-00001 | confidence=0.97
2026-10-02 23:07:55,459 | INFO | EVENT=TRACKING | track_id=1 | confidence=0.91 | metadata={"bbox": [231, 177, 317, 263]}
2026-10-02 23:07:55,480 | INFO | EVENT=EMBEDDING_GENERATED | metadata={"dim": 512, "fallback": true}
2026-10-02 23:07:55,481 | INFO | EVENT=RECOGNIZED | face_id=VIS-00001 | confidence=0.98
2026-10-02 23:07:55,488 | INFO | EVENT=TRACKING | track_id=1 | confidence=0.91 | metadata={"bbox": [231, 177, 317, 263]}
2026-10-02 23:07:55,507 | INFO | EVENT=EMBEDDING_GENERATED | metadata={"dim": 512, "fallback": true}
2026-10-02 23:07:55,507 | INFO | EVENT=RECOGNIZED | face_id=VIS-00001 | confidence=0.97
2026-10-02 23:07:55,513 | INFO | EVENT=TRACKING | track_id=1 | confidence=0.91 | metadata={"bbox": [231, 177, 317, 263]}
2026-10-02 23:07:55,533 | INFO | EVENT=EMBEDDING_GENERATED | metadata={"dim": 512, "fallback": true}
2026-10-02 23:07:55,533 | INFO | EVENT=RECOGNIZED | face_id=VIS-00001 | confidence=0.95
2026-10-02 23:07:55,539 | INFO | EVENT=TRACKING | track_id=1 | confidence=0.91 | metadata={"bbox": [231, 177, 317, 263]}
2026-10-02 23:07:55,559 | INFO | EVENT=EMBEDDING_GENERATED | metadata={"dim": 512, "fallback": true}
2026-10-02 23:07:55,560 | INFO | EVENT=RECOGNIZED | face_id=VIS-00001 | confidence=0.91
2026-10-02 23:07:55,566 | INFO | EVENT=TRACKING | track_id=1 | confidence=0.91 | metadata={"bbox": [231, 177, 317, 263]}
2026-10-02 23:07:55,586 | INFO | EVENT=EMBEDDING_GENERATED | metadata={"dim": 512, "fallback": true}
2026-10-02 23:07:55,586 | INFO | EVENT=RECOGNIZED | face_id=VIS-00001 | confidence=0.91
2026-10-02 23:07:55,702 | INFO | EVENT=FACE_DETECTED | confidence=0.91 | metadata={"frame": 43, "bbox": [257, 175, 345, 263]}
2026-10-02 23:07:55,704 | INFO | EVENT=TRACKING | track_id=1 | confidence=0.91 | metadata={"bbox": [257, 175, 345, 263]}
2026-10-02 23:07:55,723 | INFO | EVENT=EMBEDDING_GENERATED | metadata={"dim": 512, "fallback": true}
2026-10-02 23:07:55,724 | INFO | EVENT=RECOGNIZED | face_id=VIS-00001 | confidence=0.96
2026-10-02 23:07:55,730 | INFO | EVENT=TRACKING | track_id=1 | confidence=0.91 | metadata={"bbox": [257, 175, 345, 263]}
2026-10-02 23:07:55,751 | INFO | EVENT=EMBEDDING_GENERATED | metadata={"dim": 512, "fallback": true}
2026-10-02 23:07:55,751 | INFO | EVENT=RECOGNIZED | face_id=VIS-00001 | confidence=0.96
2026-10-02 23:07:55,757 | INFO | EVENT=TRACKING | track_id=1 | confidence=0.91 | metadata={"bbox": [257, 175, 345, 263]}
2026-10-02 23:07:55,780 | INFO | EVENT=EMBEDDING_GENERATED | metadata={"dim": 512, "fallback": true}
2026-10-02 23:07:55,780 | INFO | EVENT=RECOGNIZED | face_id=VIS-00001 | confidence=0.96
2026-10-02 23:07:55,788 | INFO | EVENT=TRACKING | track_id=1 | confidence=0.91 | metadata={"bbox": [257, 175, 345, 263]}
2026-10-02 23:07:55,812 | INFO | EVENT=EMBEDDING_GENERATED | metadata={"dim": 512, "fallback": true}
2026-10-02 23:07:55,812 | INFO | EVENT=RECOGNIZED | face_id=VIS-00001 | confidence=0.96
2026-10-02 23:07:55,820 | INFO | EVENT=TRACKING | track_id=1 | confidence=0.91 | metadata={"bbox": [257, 175, 345, 263]}
2026-10-02 23:07:55,839 | INFO | EVENT=EMBEDDING_GENERATED | metadata={"dim": 512, "fallback": true}
2026-10-02 23:07:55,839 | INFO | EVENT=RECOGNIZED | face_id=VIS-00001 | confidence=0.96
2026-10-02 23:07:55,846 | INFO | EVENT=TRACKING | track_id=1 | confidence=0.91 | metadata={"bbox": [257, 175, 345, 263]}
2026-10-02 23:07:55,866 | INFO | EVENT=EMBEDDING_GENERATED | metadata={"dim": 512, "fallback": true}
2026-10-02 23:07:55,866 | INFO | EVENT=RECOGNIZED | face_id=VIS-00001 | confidence=0.96
2026-10-02 23:07:56,083 | INFO | EVENT=FACE_DETECTED | confidence=0.91 | metadata={"frame": 49, "bbox": [257, 176, 345, 264]}
2026-10-02 23:07:56,086 | INFO | EVENT=TRACKING | track_id=1 | confidence=0.91 | metadata={"bbox": [257, 176, 345, 264]}
2026-10-02 23:07:56,107 | INFO | EVENT=EMBEDDING_GENERATED | metadata={"dim": 512, "fallback": true}
2026-10-02 23:07:56,107 | INFO | EVENT=RECOGNIZED | face_id=VIS-00001 | confidence=0.97
2026-10-02 23:07:56,115 | INFO | EVENT=TRACKING | track_id=1 | confidence=0.91 | metadata={"bbox": [257, 176, 345, 264]}
2026-10-02 23:07:56,139 | INFO | EVENT=EMBEDDING_GENERATED | metadata={"dim": 512, "fallback": true}
2026-10-02 23:07:56,139 | INFO | EVENT=RECOGNIZED | face_id=VIS-00001 | confidence=0.97
2026-10-02 23:07:56,144 | INFO | EVENT=TRACKING | track_id=1 | confidence=0.91 | metadata={"bbox": [257, 176, 345, 264]}
2026-10-02 23:07:56,172 | INFO | EVENT=EMBEDDING_GENERATED | metadata={"dim": 512, "fallback": true}
2026-10-02 23:07:56,172 | INFO | EVENT=RECOGNIZED | face_id=VIS-00001 | confidence=0.97
2026-10-02 23:07:56,180 | INFO | EVENT=TRACKING | track_id=1 | confidence=0.91 | metadata={"bbox": [257, 176, 345, 264]}
2026-10-02 23:07:56,205 | INFO | EVENT=EMBEDDING_GENERATED | metadata={"dim": 512, "fallback": true}
2026-10-02 23:07:56,205 | INFO | EVENT=RECOGNIZED | face_id=VIS-00001 | confidence=0.97
2026-10-02 23:07:56,212 | INFO | EVENT=TRACKING | track_id=1 | confidence=0.91 | metadata={"bbox": [257, 176, 345, 264]}
2026-10-02 23:07:56,232 | INFO | EVENT=EMBEDDING_GENERATED | metadata={"dim": 512, "fallback": true}
2026-10-02 23:07:56,232 | INFO | EVENT=RECOGNIZED | face_id=VIS-00001 | confidence=0.97
2026-10-02 23:07:56,239 | INFO | EVENT=TRACKING | track_id=1 | confidence=0.91 | metadata={"bbox": [257, 176, 345, 264]}
2026-10-02 23:07:56,258 | INFO | EVENT=EMBEDDING_GENERATED | metadata={"dim": 512, "fallback": true}
2026-10-02 23:07:56,259 | INFO | EVENT=RECOGNIZED | face_id=VIS-00001 | confidence=0.97
2026-10-02 23:07:56,377 | INFO | EVENT=FACE_DETECTED | confidence=0.91 | metadata={"frame": 55, "bbox": [257, 176, 345, 264]}
2026-10-02 23:07:56,379 | INFO | EVENT=TRACKING | track_id=1 | confidence=0.91 | metadata={"bbox": [257, 176, 345, 264]}
2026-10-02 23:07:56,398 | INFO | EVENT=EMBEDDING_GENERATED | metadata={"dim": 512, "fallback": true}
2026-10-02 23:07:56,398 | INFO | EVENT=RECOGNIZED | face_id=VIS-00001 | confidence=0.97
2026-10-02 23:07:56,405 | INFO | EVENT=TRACKING | track_id=1 | confidence=0.91 | metadata={"bbox": [257, 176, 345, 264]}
2026-10-02 23:07:56,425 | INFO | EVENT=EMBEDDING_GENERATED | metadata={"dim": 512, "fallback": true}
2026-10-02 23:07:56,426 | INFO | EVENT=RECOGNIZED | face_id=VIS-00001 | confidence=0.97
2026-10-02 23:07:56,432 | INFO | EVENT=TRACKING | track_id=1 | confidence=0.91 | metadata={"bbox": [257, 176, 345, 264]}
2026-10-02 23:07:56,452 | INFO | EVENT=EMBEDDING_GENERATED | metadata={"dim": 512, "fallback": true}
2026-10-02 23:07:56,453 | INFO | EVENT=RECOGNIZED | face_id=VIS-00001 | confidence=0.97
2026-10-02 23:07:56,459 | INFO | EVENT=TRACKING | track_id=1 | confidence=0.91 | metadata={"bbox": [257, 176, 345, 264]}
2026-10-02 23:07:56,479 | INFO | EVENT=EMBEDDING_GENERATED | metadata={"dim": 512, "fallback": true}
2026-10-02 23:07:56,479 | INFO | EVENT=RECOGNIZED | face_id=VIS-00001 | confidence=0.97
2026-10-02 23:07:56,486 | INFO | EVENT=TRACKING | track_id=1 | confidence=0.91 | metadata={"bbox": [257, 176, 345, 264]}
2026-10-02 23:07:56,506 | INFO | EVENT=EMBEDDING_GENERATED | metadata={"dim": 512, "fallback": true}
2026-10-02 23:07:56,506 | INFO | EVENT=RECOGNIZED | face_id=VIS-00001 | confidence=0.97
2026-10-02 23:07:56,513 | INFO | EVENT=TRACKING | track_id=1 | confidence=0.91 | metadata={"bbox": [257, 176, 345, 264]}
2026-10-02 23:07:56,532 | INFO | EVENT=EMBEDDING_GENERATED | metadata={"dim": 512, "fallback": true}
2026-10-02 23:07:56,533 | INFO | EVENT=RECOGNIZED | face_id=VIS-00001 | confidence=0.97
2026-10-02 23:07:56,655 | INFO | EVENT=FACE_DETECTED | confidence=0.91 | metadata={"frame": 61, "bbox": [257, 176, 345, 264]}
2026-10-02 23:07:56,655 | INFO | EVENT=FACE_DETECTED | confidence=0.91 | metadata={"frame": 61, "bbox": [438, 8, 524, 94]}
2026-10-02 23:07:56,658 | INFO | EVENT=TRACKING | track_id=1 | confidence=0.91 | metadata={"bbox": [257, 176, 345, 264]}
2026-10-02 23:07:56,678 | INFO | EVENT=EMBEDDING_GENERATED | metadata={"dim": 512, "fallback": true}
2026-10-02 23:07:56,678 | INFO | EVENT=RECOGNIZED | face_id=VIS-00001 | confidence=0.97
2026-10-02 23:07:56,688 | INFO | EVENT=TRACKING | track_id=1 | confidence=0.91 | metadata={"bbox": [257, 176, 345, 264]}
2026-10-02 23:07:56,688 | INFO | EVENT=TRACKING | track_id=2 | confidence=0.91 | metadata={"bbox": [438, 8, 524, 94]}
2026-10-02 23:07:56,707 | INFO | EVENT=EMBEDDING_GENERATED | metadata={"dim": 512, "fallback": true}
2026-10-02 23:07:56,708 | INFO | EVENT=RECOGNIZED | face_id=VIS-00001 | confidence=0.97
2026-10-02 23:07:56,728 | INFO | EVENT=EMBEDDING_GENERATED | metadata={"dim": 512, "fallback": true}
2026-10-02 23:07:56,729 | INFO | EVENT=RECOGNIZED | face_id=VIS-00001 | confidence=0.69
2026-10-02 23:07:56,736 | INFO | EVENT=TRACKING | track_id=1 | confidence=0.91 | metadata={"bbox": [257, 176, 345, 264]}
2026-10-02 23:07:56,736 | INFO | EVENT=TRACKING | track_id=2 | confidence=0.91 | metadata={"bbox": [438, 8, 524, 94]}
2026-10-02 23:07:56,756 | INFO | EVENT=EMBEDDING_GENERATED | metadata={"dim": 512, "fallback": true}
2026-10-02 23:07:56,756 | INFO | EVENT=RECOGNIZED | face_id=VIS-00001 | confidence=0.97
2026-10-02 23:07:56,778 | INFO | EVENT=EMBEDDING_GENERATED | metadata={"dim": 512, "fallback": true}
2026-10-02 23:07:56,779 | INFO | EVENT=RECOGNIZED | face_id=VIS-00001 | confidence=0.70
2026-10-02 23:07:56,786 | INFO | EVENT=TRACKING | track_id=1 | confidence=0.91 | metadata={"bbox": [257, 176, 345, 264]}
2026-10-02 23:07:56,786 | INFO | EVENT=TRACKING | track_id=2 | confidence=0.91 | metadata={"bbox": [438, 8, 524, 94]}
2026-10-02 23:07:56,806 | INFO | EVENT=EMBEDDING_GENERATED | metadata={"dim": 512, "fallback": true}
2026-10-02 23:07:56,806 | INFO | EVENT=RECOGNIZED | face_id=VIS-00001 | confidence=0.97
2026-10-02 23:07:56,827 | INFO | EVENT=EMBEDDING_GENERATED | metadata={"dim": 512, "fallback": true}
2026-10-02 23:07:56,827 | INFO | EVENT=RECOGNIZED | face_id=VIS-00001 | confidence=0.69
2026-10-02 23:07:56,834 | INFO | EVENT=TRACKING | track_id=1 | confidence=0.91 | metadata={"bbox": [257, 176, 345, 264]}
2026-10-02 23:07:56,835 | INFO | EVENT=TRACKING | track_id=2 | confidence=0.91 | metadata={"bbox": [438, 8, 524, 94]}
2026-10-02 23:07:56,853 | INFO | EVENT=EMBEDDING_GENERATED | metadata={"dim": 512, "fallback": true}
2026-10-02 23:07:56,853 | INFO | EVENT=RECOGNIZED | face_id=VIS-00001 | confidence=0.97
2026-10-02 23:07:56,872 | INFO | EVENT=EMBEDDING_GENERATED | metadata={"dim": 512, "fallback": true}
2026-10-02 23:07:56,872 | INFO | EVENT=RECOGNIZED | face_id=VIS-00001 | confidence=0.71
2026-10-02 23:07:56,877 | INFO | EVENT=TRACKING | track_id=1 | confidence=0.91 | metadata={"bbox": [257, 176, 345, 264]}
2026-10-02 23:07:56,877 | INFO | EVENT=TRACKING | track_id=2 | confidence=0.91 | metadata={"bbox": [438, 8, 524, 94]}
2026-10-02 23:07:56,892 | INFO | EVENT=EMBEDDING_GENERATED | metadata={"dim": 512, "fallback": true}
2026-10-02 23:07:56,892 | INFO | EVENT=RECOGNIZED | face_id=VIS-00001 | confidence=0.97
2026-10-02 23:07:56,909 | INFO | EVENT=EMBEDDING_GENERATED | metadata={"dim": 512, "fallback": true}
2026-10-02 23:07:56,909 | INFO | EVENT=RECOGNIZED | face_id=VIS-00001 | confidence=0.71
2026-10-02 23:07:57,030 | INFO | EVENT=FACE_DETECTED | confidence=0.91 | metadata={"frame": 67, "bbox": [435, 25, 523, 113]}
2026-10-02 23:07:57,030 | INFO | EVENT=FACE_DETECTED | confidence=0.91 | metadata={"frame": 67, "bbox": [257, 176, 345, 264]}
2026-10-02 23:07:57,032 | INFO | EVENT=TRACKING | track_id=2 | confidence=0.91 | metadata={"bbox": [435, 25, 523, 113]}
2026-10-02 23:07:57,032 | INFO | EVENT=TRACKING | track_id=1 | confidence=0.91 | metadata={"bbox": [257, 176, 345, 264]}
2026-10-02 23:07:57,049 | INFO | EVENT=EMBEDDING_GENERATED | metadata={"dim": 512, "fallback": true}
2026-10-02 23:07:57,049 | INFO | EVENT=RECOGNIZED | face_id=VIS-00001 | confidence=0.72
2026-10-02 23:07:57,066 | INFO | EVENT=EMBEDDING_GENERATED | metadata={"dim": 512, "fallback": true}
2026-10-02 23:07:57,067 | INFO | EVENT=RECOGNIZED | face_id=VIS-00001 | confidence=0.97
2026-10-02 23:07:57,073 | INFO | EVENT=TRACKING | track_id=2 | confidence=0.91 | metadata={"bbox": [435, 25, 523, 113]}
2026-10-02 23:07:57,073 | INFO | EVENT=TRACKING | track_id=1 | confidence=0.91 | metadata={"bbox": [257, 176, 345, 264]}
2026-10-02 23:07:57,094 | INFO | EVENT=EMBEDDING_GENERATED | metadata={"dim": 512, "fallback": true}
2026-10-02 23:07:57,094 | INFO | EVENT=RECOGNIZED | face_id=VIS-00001 | confidence=0.73
2026-10-02 23:07:57,119 | INFO | EVENT=EMBEDDING_GENERATED | metadata={"dim": 512, "fallback": true}
2026-10-02 23:07:57,119 | INFO | EVENT=RECOGNIZED | face_id=VIS-00001 | confidence=0.97
2026-10-02 23:07:57,126 | INFO | EVENT=TRACKING | track_id=2 | confidence=0.91 | metadata={"bbox": [435, 25, 523, 113]}
2026-10-02 23:07:57,126 | INFO | EVENT=TRACKING | track_id=1 | confidence=0.91 | metadata={"bbox": [257, 176, 345, 264]}
2026-10-02 23:07:57,148 | INFO | EVENT=EMBEDDING_GENERATED | metadata={"dim": 512, "fallback": true}
2026-10-02 23:07:57,148 | INFO | EVENT=RECOGNIZED | face_id=VIS-00001 | confidence=0.72
2026-10-02 23:07:57,173 | INFO | EVENT=EMBEDDING_GENERATED | metadata={"dim": 512, "fallback": true}
2026-10-02 23:07:57,174 | INFO | EVENT=RECOGNIZED | face_id=VIS-00001 | confidence=0.97
2026-10-02 23:07:57,181 | INFO | EVENT=TRACKING | track_id=2 | confidence=0.91 | metadata={"bbox": [435, 25, 523, 113]}
2026-10-02 23:07:57,181 | INFO | EVENT=TRACKING | track_id=1 | confidence=0.91 | metadata={"bbox": [257, 176, 345, 264]}
2026-10-02 23:07:57,203 | INFO | EVENT=EMBEDDING_GENERATED | metadata={"dim": 512, "fallback": true}
2026-10-02 23:07:57,205 | INFO | EVENT=RECOGNIZED | face_id=VIS-00001 | confidence=0.72
2026-10-02 23:07:57,226 | INFO | EVENT=EMBEDDING_GENERATED | metadata={"dim": 512, "fallback": true}
2026-10-02 23:07:57,227 | INFO | EVENT=RECOGNIZED | face_id=VIS-00001 | confidence=0.97
2026-10-02 23:07:57,232 | INFO | EVENT=TRACKING | track_id=2 | confidence=0.91 | metadata={"bbox": [435, 25, 523, 113]}
2026-10-02 23:07:57,232 | INFO | EVENT=TRACKING | track_id=1 | confidence=0.91 | metadata={"bbox": [257, 176, 345, 264]}
2026-10-02 23:07:57,251 | INFO | EVENT=EMBEDDING_GENERATED | metadata={"dim": 512, "fallback": true}
2026-10-02 23:07:57,252 | INFO | EVENT=RECOGNIZED | face_id=VIS-00001 | confidence=0.72
2026-10-02 23:07:57,269 | INFO | EVENT=EMBEDDING_GENERATED | metadata={"dim": 512, "fallback": true}
2026-10-02 23:07:57,269 | INFO | EVENT=RECOGNIZED | face_id=VIS-00001 | confidence=0.97
2026-10-02 23:07:57,273 | INFO | EVENT=TRACKING | track_id=2 | confidence=0.91 | metadata={"bbox": [435, 25, 523, 113]}
2026-10-02 23:07:57,273 | INFO | EVENT=TRACKING | track_id=1 | confidence=0.91 | metadata={"bbox": [257, 176, 345, 264]}
2026-10-02 23:07:57,289 | INFO | EVENT=EMBEDDING_GENERATED | metadata={"dim": 512, "fallback": true}
2026-10-02 23:07:57,289 | INFO | EVENT=RECOGNIZED | face_id=VIS-00001 | confidence=0.73
2026-10-02 23:07:57,309 | INFO | EVENT=EMBEDDING_GENERATED | metadata={"dim": 512, "fallback": true}
2026-10-02 23:07:57,309 | INFO | EVENT=RECOGNIZED | face_id=VIS-00001 | confidence=0.97
2026-10-02 23:07:57,417 | INFO | EVENT=FACE_DETECTED | confidence=0.91 | metadata={"frame": 73, "bbox": [257, 176, 345, 264]}
2026-10-02 23:07:57,418 | INFO | EVENT=FACE_DETECTED | confidence=0.91 | metadata={"frame": 73, "bbox": [436, 48, 522, 134]}
2026-10-02 23:07:57,419 | INFO | EVENT=TRACKING | track_id=1 | confidence=0.91 | metadata={"bbox": [257, 176, 345, 264]}
2026-10-02 23:07:57,419 | INFO | EVENT=TRACKING | track_id=2 | confidence=0.91 | metadata={"bbox": [436, 48, 522, 134]}
2026-10-02 23:07:57,436 | INFO | EVENT=EMBEDDING_GENERATED | metadata={"dim": 512, "fallback": true}
2026-10-02 23:07:57,436 | INFO | EVENT=RECOGNIZED | face_id=VIS-00001 | confidence=0.97
2026-10-02 23:07:57,455 | INFO | EVENT=EMBEDDING_GENERATED | metadata={"dim": 512, "fallback": true}
2026-10-02 23:07:57,456 | INFO | EVENT=RECOGNIZED | face_id=VIS-00001 | confidence=0.71
2026-10-02 23:07:57,463 | INFO | EVENT=TRACKING | track_id=1 | confidence=0.91 | metadata={"bbox": [257, 176, 345, 264]}
2026-10-02 23:07:57,463 | INFO | EVENT=TRACKING | track_id=2 | confidence=0.91 | metadata={"bbox": [436, 48, 522, 134]}
2026-10-02 23:07:57,482 | INFO | EVENT=EMBEDDING_GENERATED | metadata={"dim": 512, "fallback": true}
2026-10-02 23:07:57,482 | INFO | EVENT=RECOGNIZED | face_id=VIS-00001 | confidence=0.97
2026-10-02 23:07:57,503 | INFO | EVENT=EMBEDDING_GENERATED | metadata={"dim": 512, "fallback": true}
2026-10-02 23:07:57,503 | INFO | EVENT=RECOGNIZED | face_id=VIS-00001 | confidence=0.70
2026-10-02 23:07:57,510 | INFO | EVENT=TRACKING | track_id=1 | confidence=0.91 | metadata={"bbox": [257, 176, 345, 264]}
2026-10-02 23:07:57,511 | INFO | EVENT=TRACKING | track_id=2 | confidence=0.91 | metadata={"bbox": [436, 48, 522, 134]}
2026-10-02 23:07:57,529 | INFO | EVENT=EMBEDDING_GENERATED | metadata={"dim": 512, "fallback": true}
2026-10-02 23:07:57,530 | INFO | EVENT=RECOGNIZED | face_id=VIS-00001 | confidence=0.97
2026-10-02 23:07:57,551 | INFO | EVENT=EMBEDDING_GENERATED | metadata={"dim": 512, "fallback": true}
2026-10-02 23:07:57,551 | INFO | EVENT=RECOGNIZED | face_id=VIS-00001 | confidence=0.69
2026-10-02 23:07:57,558 | INFO | EVENT=TRACKING | track_id=1 | confidence=0.91 | metadata={"bbox": [257, 176, 345, 264]}
2026-10-02 23:07:57,558 | INFO | EVENT=TRACKING | track_id=2 | confidence=0.91 | metadata={"bbox": [436, 48, 522, 134]}
2026-10-02 23:07:57,577 | INFO | EVENT=EMBEDDING_GENERATED | metadata={"dim": 512, "fallback": true}
2026-10-02 23:07:57,578 | INFO | EVENT=RECOGNIZED | face_id=VIS-00001 | confidence=0.97
2026-10-02 23:07:57,602 | INFO | EVENT=EMBEDDING_GENERATED | metadata={"dim": 512, "fallback": true}
2026-10-02 23:07:57,603 | INFO | EVENT=RECOGNIZED | face_id=VIS-00001 | confidence=0.68
2026-10-02 23:07:57,609 | INFO | EVENT=TRACKING | track_id=1 | confidence=0.91 | metadata={"bbox": [257, 176, 345, 264]}
2026-10-02 23:07:57,610 | INFO | EVENT=TRACKING | track_id=2 | confidence=0.91 | metadata={"bbox": [436, 48, 522, 134]}
2026-10-02 23:07:57,628 | INFO | EVENT=EMBEDDING_GENERATED | metadata={"dim": 512, "fallback": true}
2026-10-02 23:07:57,629 | INFO | EVENT=RECOGNIZED | face_id=VIS-00001 | confidence=0.97
2026-10-02 23:07:57,646 | INFO | EVENT=EMBEDDING_GENERATED | metadata={"dim": 512, "fallback": true}
2026-10-02 23:07:57,646 | INFO | EVENT=RECOGNIZED | face_id=VIS-00001 | confidence=0.67
2026-10-02 23:07:57,652 | INFO | EVENT=TRACKING | track_id=1 | confidence=0.91 | metadata={"bbox": [257, 176, 345, 264]}
2026-10-02 23:07:57,652 | INFO | EVENT=TRACKING | track_id=2 | confidence=0.91 | metadata={"bbox": [436, 48, 522, 134]}
2026-10-02 23:07:57,668 | INFO | EVENT=EMBEDDING_GENERATED | metadata={"dim": 512, "fallback": true}
2026-10-02 23:07:57,669 | INFO | EVENT=RECOGNIZED | face_id=VIS-00001 | confidence=0.97
2026-10-02 23:07:57,686 | INFO | EVENT=EMBEDDING_GENERATED | metadata={"dim": 512, "fallback": true}
2026-10-02 23:07:57,687 | INFO | EVENT=RECOGNIZED | face_id=VIS-00001 | confidence=0.69
2026-10-02 23:07:57,855 | INFO | EVENT=FACE_DETECTED | confidence=0.91 | metadata={"frame": 79, "bbox": [257, 176, 345, 264]}
2026-10-02 23:07:57,855 | INFO | EVENT=FACE_DETECTED | confidence=0.91 | metadata={"frame": 79, "bbox": [435, 65, 523, 153]}
2026-10-02 23:07:57,857 | INFO | EVENT=TRACKING | track_id=1 | confidence=0.91 | metadata={"bbox": [257, 176, 345, 264]}
2026-10-02 23:07:57,857 | INFO | EVENT=TRACKING | track_id=2 | confidence=0.91 | metadata={"bbox": [435, 65, 523, 153]}
2026-10-02 23:07:57,873 | INFO | EVENT=EMBEDDING_GENERATED | metadata={"dim": 512, "fallback": true}
2026-10-02 23:07:57,874 | INFO | EVENT=RECOGNIZED | face_id=VIS-00001 | confidence=0.97
2026-10-02 23:07:57,890 | INFO | EVENT=EMBEDDING_GENERATED | metadata={"dim": 512, "fallback": true}
2026-10-02 23:07:57,890 | INFO | EVENT=RECOGNIZED | face_id=VIS-00001 | confidence=0.71
2026-10-02 23:07:57,896 | INFO | EVENT=TRACKING | track_id=1 | confidence=0.91 | metadata={"bbox": [257, 176, 345, 264]}
2026-10-02 23:07:57,896 | INFO | EVENT=TRACKING | track_id=2 | confidence=0.91 | metadata={"bbox": [435, 65, 523, 153]}
2026-10-02 23:07:57,916 | INFO | EVENT=EMBEDDING_GENERATED | metadata={"dim": 512, "fallback": true}
2026-10-02 23:07:57,916 | INFO | EVENT=RECOGNIZED | face_id=VIS-00001 | confidence=0.97
2026-10-02 23:07:57,938 | INFO | EVENT=EMBEDDING_GENERATED | metadata={"dim": 512, "fallback": true}
2026-10-02 23:07:57,938 | INFO | EVENT=RECOGNIZED | face_id=VIS-00001 | confidence=0.70
2026-10-02 23:07:57,945 | INFO | EVENT=TRACKING | track_id=1 | confidence=0.91 | metadata={"bbox": [257, 176, 345, 264]}
2026-10-02 23:07:57,946 | INFO | EVENT=TRACKING | track_id=2 | confidence=0.91 | metadata={"bbox": [435, 65, 523, 153]}
2026-10-02 23:07:57,967 | INFO | EVENT=EMBEDDING_GENERATED | metadata={"dim": 512, "fallback": true}
2026-10-02 23:07:57,968 | INFO | EVENT=RECOGNIZED | face_id=VIS-00001 | confidence=0.97
2026-10-02 23:07:57,987 | INFO | EVENT=EMBEDDING_GENERATED | metadata={"dim": 512, "fallback": true}
2026-10-02 23:07:57,988 | INFO | EVENT=RECOGNIZED | face_id=VIS-00001 | confidence=0.69
2026-10-02 23:07:57,994 | INFO | EVENT=TRACKING | track_id=1 | confidence=0.91 | metadata={"bbox": [257, 176, 345, 264]}
2026-10-02 23:07:57,994 | INFO | EVENT=TRACKING | track_id=2 | confidence=0.91 | metadata={"bbox": [435, 65, 523, 153]}
2026-10-02 23:07:58,014 | INFO | EVENT=EMBEDDING_GENERATED | metadata={"dim": 512, "fallback": true}
2026-10-02 23:07:58,014 | INFO | EVENT=RECOGNIZED | face_id=VIS-00001 | confidence=0.97
2026-10-02 23:07:58,036 | INFO | EVENT=EMBEDDING_GENERATED | metadata={"dim": 512, "fallback": true}
2026-10-02 23:07:58,036 | INFO | EVENT=RECOGNIZED | face_id=VIS-00001 | confidence=0.69
2026-10-02 23:07:58,042 | INFO | EVENT=TRACKING | track_id=1 | confidence=0.91 | metadata={"bbox": [257, 176, 345, 264]}
2026-10-02 23:07:58,043 | INFO | EVENT=TRACKING | track_id=2 | confidence=0.91 | metadata={"bbox": [435, 65, 523, 153]}
2026-10-02 23:07:58,062 | INFO | EVENT=EMBEDDING_GENERATED | metadata={"dim": 512, "fallback": true}
2026-10-02 23:07:58,062 | INFO | EVENT=RECOGNIZED | face_id=VIS-00001 | confidence=0.94
2026-10-02 23:07:58,080 | INFO | EVENT=EMBEDDING_GENERATED | metadata={"dim": 512, "fallback": true}
2026-10-02 23:07:58,081 | INFO | EVENT=RECOGNIZED | face_id=VIS-00001 | confidence=0.71
2026-10-02 23:07:58,086 | INFO | EVENT=TRACKING | track_id=1 | confidence=0.91 | metadata={"bbox": [257, 176, 345, 264]}
2026-10-02 23:07:58,087 | INFO | EVENT=TRACKING | track_id=2 | confidence=0.91 | metadata={"bbox": [435, 65, 523, 153]}
2026-10-02 23:07:58,104 | INFO | EVENT=EMBEDDING_GENERATED | metadata={"dim": 512, "fallback": true}
2026-10-02 23:07:58,104 | INFO | EVENT=RECOGNIZED | face_id=VIS-00001 | confidence=0.89
2026-10-02 23:07:58,125 | INFO | EVENT=EMBEDDING_GENERATED | metadata={"dim": 512, "fallback": true}
2026-10-02 23:07:58,126 | INFO | EVENT=RECOGNIZED | face_id=VIS-00001 | confidence=0.71
2026-10-02 23:07:58,293 | INFO | EVENT=FACE_DETECTED | confidence=0.91 | metadata={"frame": 85, "bbox": [435, 85, 523, 173]}
2026-10-02 23:07:58,293 | INFO | EVENT=FACE_DETECTED | confidence=0.91 | metadata={"frame": 85, "bbox": [297, 178, 383, 264]}
2026-10-02 23:07:58,294 | INFO | EVENT=TRACKING | track_id=2 | confidence=0.91 | metadata={"bbox": [435, 85, 523, 173]}
2026-10-02 23:07:58,294 | INFO | EVENT=TRACKING | track_id=1 | confidence=0.91 | metadata={"bbox": [297, 178, 383, 264]}
2026-10-02 23:07:58,311 | INFO | EVENT=EMBEDDING_GENERATED | metadata={"dim": 512, "fallback": true}
2026-10-02 23:07:58,311 | INFO | EVENT=RECOGNIZED | face_id=VIS-00001 | confidence=0.71
2026-10-02 23:07:58,329 | INFO | EVENT=EMBEDDING_GENERATED | metadata={"dim": 512, "fallback": true}
2026-10-02 23:07:58,330 | INFO | EVENT=RECOGNIZED | face_id=VIS-00001 | confidence=0.98
2026-10-02 23:07:58,335 | INFO | EVENT=TRACKING | track_id=2 | confidence=0.91 | metadata={"bbox": [435, 85, 523, 173]}
2026-10-02 23:07:58,336 | INFO | EVENT=TRACKING | track_id=1 | confidence=0.91 | metadata={"bbox": [297, 178, 383, 264]}
2026-10-02 23:07:58,353 | INFO | EVENT=EMBEDDING_GENERATED | metadata={"dim": 512, "fallback": true}
2026-10-02 23:07:58,353 | INFO | EVENT=RECOGNIZED | face_id=VIS-00001 | confidence=0.71
2026-10-02 23:07:58,370 | INFO | EVENT=EMBEDDING_GENERATED | metadata={"dim": 512, "fallback": true}
2026-10-02 23:07:58,370 | INFO | EVENT=RECOGNIZED | face_id=VIS-00001 | confidence=0.97
2026-10-02 23:07:58,375 | INFO | EVENT=TRACKING | track_id=2 | confidence=0.91 | metadata={"bbox": [435, 85, 523, 173]}
2026-10-02 23:07:58,375 | INFO | EVENT=TRACKING | track_id=1 | confidence=0.91 | metadata={"bbox": [297, 178, 383, 264]}
2026-10-02 23:07:58,397 | INFO | EVENT=EMBEDDING_GENERATED | metadata={"dim": 512, "fallback": true}
2026-10-02 23:07:58,397 | INFO | EVENT=RECOGNIZED | face_id=VIS-00001 | confidence=0.72
2026-10-02 23:07:58,419 | INFO | EVENT=EMBEDDING_GENERATED | metadata={"dim": 512, "fallback": true}
2026-10-02 23:07:58,420 | INFO | EVENT=RECOGNIZED | face_id=VIS-00001 | confidence=0.94
2026-10-02 23:07:58,426 | INFO | EVENT=TRACKING | track_id=2 | confidence=0.91 | metadata={"bbox": [435, 85, 523, 173]}
2026-10-02 23:07:58,426 | INFO | EVENT=TRACKING | track_id=1 | confidence=0.91 | metadata={"bbox": [297, 178, 383, 264]}
2026-10-02 23:07:58,447 | INFO | EVENT=EMBEDDING_GENERATED | metadata={"dim": 512, "fallback": true}
2026-10-02 23:07:58,447 | INFO | EVENT=RECOGNIZED | face_id=VIS-00001 | confidence=0.72
2026-10-02 23:07:58,469 | INFO | EVENT=EMBEDDING_GENERATED | metadata={"dim": 512, "fallback": true}
2026-10-02 23:07:58,469 | INFO | EVENT=RECOGNIZED | face_id=VIS-00001 | confidence=0.89
2026-10-02 23:07:58,476 | INFO | EVENT=TRACKING | track_id=2 | confidence=0.91 | metadata={"bbox": [435, 85, 523, 173]}
2026-10-02 23:07:58,476 | INFO | EVENT=TRACKING | track_id=1 | confidence=0.91 | metadata={"bbox": [297, 178, 383, 264]}
2026-10-02 23:07:58,500 | INFO | EVENT=EMBEDDING_GENERATED | metadata={"dim": 512, "fallback": true}
2026-10-02 23:07:58,500 | INFO | EVENT=RECOGNIZED | face_id=VIS-00001 | confidence=0.73
2026-10-02 23:07:58,518 | INFO | EVENT=EMBEDDING_GENERATED | metadata={"dim": 512, "fallback": true}
2026-10-02 23:07:58,518 | INFO | EVENT=RECOGNIZED | face_id=VIS-00001 | confidence=0.83
2026-10-02 23:07:58,524 | INFO | EVENT=TRACKING | track_id=2 | confidence=0.91 | metadata={"bbox": [435, 85, 523, 173]}
2026-10-02 23:07:58,524 | INFO | EVENT=TRACKING | track_id=1 | confidence=0.91 | metadata={"bbox": [297, 178, 383, 264]}
2026-10-02 23:07:58,544 | INFO | EVENT=EMBEDDING_GENERATED | metadata={"dim": 512, "fallback": true}
2026-10-02 23:07:58,544 | INFO | EVENT=RECOGNIZED | face_id=VIS-00001 | confidence=0.73
2026-10-02 23:07:58,562 | INFO | EVENT=EMBEDDING_GENERATED | metadata={"dim": 512, "fallback": true}
2026-10-02 23:07:58,562 | INFO | EVENT=RECOGNIZED | face_id=VIS-00001 | confidence=0.78
2026-10-02 23:07:58,938 | INFO | EVENT=FACE_DETECTED | confidence=0.91 | metadata={"frame": 91, "bbox": [437, 105, 525, 193]}
2026-10-02 23:07:58,938 | INFO | EVENT=FACE_DETECTED | confidence=0.91 | metadata={"frame": 91, "bbox": [358, 179, 442, 263]}
2026-10-02 23:07:58,940 | INFO | EVENT=TRACKING | track_id=2 | confidence=0.91 | metadata={"bbox": [437, 105, 525, 193]}
2026-10-02 23:07:58,964 | INFO | EVENT=EMBEDDING_GENERATED | metadata={"dim": 512, "fallback": true}
2026-10-02 23:07:58,964 | INFO | EVENT=RECOGNIZED | face_id=VIS-00001 | confidence=0.72
2026-10-02 23:07:58,977 | INFO | EVENT=TRACKING | track_id=2 | confidence=0.91 | metadata={"bbox": [437, 105, 525, 193]}
2026-10-02 23:07:58,978 | INFO | EVENT=TRACKING | track_id=1 | confidence=0.91 | metadata={"bbox": [358, 179, 442, 263]}
2026-10-02 23:07:59,001 | INFO | EVENT=EMBEDDING_GENERATED | metadata={"dim": 512, "fallback": true}
2026-10-02 23:07:59,001 | INFO | EVENT=RECOGNIZED | face_id=VIS-00001 | confidence=0.73
2026-10-02 23:07:59,029 | INFO | EVENT=EMBEDDING_GENERATED | metadata={"dim": 512, "fallback": true}
2026-10-02 23:07:59,029 | INFO | EVENT=RECOGNIZED | face_id=VIS-00001 | confidence=0.98
2026-10-02 23:07:59,036 | INFO | EVENT=TRACKING | track_id=2 | confidence=0.91 | metadata={"bbox": [437, 105, 525, 193]}
2026-10-02 23:07:59,037 | INFO | EVENT=TRACKING | track_id=1 | confidence=0.91 | metadata={"bbox": [358, 179, 442, 263]}
2026-10-02 23:07:59,060 | INFO | EVENT=EMBEDDING_GENERATED | metadata={"dim": 512, "fallback": true}
2026-10-02 23:07:59,060 | INFO | EVENT=RECOGNIZED | face_id=VIS-00001 | confidence=0.73
2026-10-02 23:07:59,081 | INFO | EVENT=EMBEDDING_GENERATED | metadata={"dim": 512, "fallback": true}
2026-10-02 23:07:59,082 | INFO | EVENT=RECOGNIZED | face_id=VIS-00001 | confidence=0.95
2026-10-02 23:07:59,091 | INFO | EVENT=TRACKING | track_id=2 | confidence=0.91 | metadata={"bbox": [437, 105, 525, 193]}
2026-10-02 23:07:59,091 | INFO | EVENT=TRACKING | track_id=1 | confidence=0.91 | metadata={"bbox": [358, 179, 442, 263]}
2026-10-02 23:07:59,112 | INFO | EVENT=EMBEDDING_GENERATED | metadata={"dim": 512, "fallback": true}
2026-10-02 23:07:59,112 | INFO | EVENT=RECOGNIZED | face_id=VIS-00001 | confidence=0.72
2026-10-02 23:07:59,135 | INFO | EVENT=EMBEDDING_GENERATED | metadata={"dim": 512, "fallback": true}
2026-10-02 23:07:59,136 | INFO | EVENT=RECOGNIZED | face_id=VIS-00001 | confidence=0.89
2026-10-02 23:07:59,143 | INFO | EVENT=TRACKING | track_id=2 | confidence=0.91 | metadata={"bbox": [437, 105, 525, 193]}
2026-10-02 23:07:59,143 | INFO | EVENT=TRACKING | track_id=1 | confidence=0.91 | metadata={"bbox": [358, 179, 442, 263]}
2026-10-02 23:07:59,166 | INFO | EVENT=EMBEDDING_GENERATED | metadata={"dim": 512, "fallback": true}
2026-10-02 23:07:59,166 | INFO | EVENT=RECOGNIZED | face_id=VIS-00001 | confidence=0.72
2026-10-02 23:07:59,191 | INFO | EVENT=EMBEDDING_GENERATED | metadata={"dim": 512, "fallback": true}
2026-10-02 23:07:59,191 | INFO | EVENT=RECOGNIZED | face_id=VIS-00001 | confidence=0.83
2026-10-02 23:07:59,199 | INFO | EVENT=TRACKING | track_id=2 | confidence=0.91 | metadata={"bbox": [437, 105, 525, 193]}
2026-10-02 23:07:59,199 | INFO | EVENT=TRACKING | track_id=1 | confidence=0.91 | metadata={"bbox": [358, 179, 442, 263]}
2026-10-02 23:07:59,219 | INFO | EVENT=EMBEDDING_GENERATED | metadata={"dim": 512, "fallback": true}
2026-10-02 23:07:59,219 | INFO | EVENT=RECOGNIZED | face_id=VIS-00001 | confidence=0.73
2026-10-02 23:07:59,236 | INFO | EVENT=EMBEDDING_GENERATED | metadata={"dim": 512, "fallback": true}
2026-10-02 23:07:59,236 | INFO | EVENT=RECOGNIZED | face_id=VIS-00001 | confidence=0.77
2026-10-02 23:07:59,388 | INFO | EVENT=FACE_DETECTED | confidence=0.91 | metadata={"frame": 97, "bbox": [437, 125, 525, 213]}
2026-10-02 23:07:59,389 | INFO | EVENT=TRACKING | track_id=2 | confidence=0.91 | metadata={"bbox": [437, 125, 525, 213]}
2026-10-02 23:07:59,405 | INFO | EVENT=EMBEDDING_GENERATED | metadata={"dim": 512, "fallback": true}
2026-10-02 23:07:59,406 | INFO | EVENT=RECOGNIZED | face_id=VIS-00001 | confidence=0.72
2026-10-02 23:07:59,413 | INFO | EVENT=TRACKING | track_id=2 | confidence=0.91 | metadata={"bbox": [437, 125, 525, 213]}
2026-10-02 23:07:59,432 | INFO | EVENT=EMBEDDING_GENERATED | metadata={"dim": 512, "fallback": true}
2026-10-02 23:07:59,432 | INFO | EVENT=RECOGNIZED | face_id=VIS-00001 | confidence=0.71
2026-10-02 23:07:59,440 | INFO | EVENT=TRACKING | track_id=2 | confidence=0.91 | metadata={"bbox": [437, 125, 525, 213]}
2026-10-02 23:07:59,462 | INFO | EVENT=EMBEDDING_GENERATED | metadata={"dim": 512, "fallback": true}
2026-10-02 23:07:59,462 | INFO | EVENT=RECOGNIZED | face_id=VIS-00001 | confidence=0.69
2026-10-02 23:07:59,469 | INFO | EVENT=TRACKING | track_id=2 | confidence=0.91 | metadata={"bbox": [437, 125, 525, 213]}
2026-10-02 23:07:59,489 | INFO | EVENT=EMBEDDING_GENERATED | metadata={"dim": 512, "fallback": true}
2026-10-02 23:07:59,489 | INFO | EVENT=RECOGNIZED | face_id=VIS-00001 | confidence=0.70
2026-10-02 23:07:59,496 | INFO | EVENT=TRACKING | track_id=2 | confidence=0.91 | metadata={"bbox": [437, 125, 525, 213]}
2026-10-02 23:07:59,515 | INFO | EVENT=EMBEDDING_GENERATED | metadata={"dim": 512, "fallback": true}
2026-10-02 23:07:59,516 | INFO | EVENT=RECOGNIZED | face_id=VIS-00001 | confidence=0.69
2026-10-02 23:07:59,523 | INFO | EVENT=TRACKING | track_id=2 | confidence=0.91 | metadata={"bbox": [437, 125, 525, 213]}
2026-10-02 23:07:59,550 | INFO | EVENT=EMBEDDING_GENERATED | metadata={"dim": 512, "fallback": true}
2026-10-02 23:07:59,550 | INFO | EVENT=RECOGNIZED | face_id=VIS-00001 | confidence=0.71
2026-10-02 23:07:59,679 | INFO | EVENT=FACE_DETECTED | confidence=0.91 | metadata={"frame": 103, "bbox": [435, 145, 527, 237]}
2026-10-02 23:07:59,681 | INFO | EVENT=TRACKING | track_id=2 | confidence=0.91 | metadata={"bbox": [435, 145, 527, 237]}
2026-10-02 23:07:59,701 | INFO | EVENT=EMBEDDING_GENERATED | metadata={"dim": 512, "fallback": true}
2026-10-02 23:07:59,702 | INFO | EVENT=RECOGNIZED | face_id=VIS-00001 | confidence=0.76
2026-10-02 23:07:59,708 | INFO | EVENT=TRACKING | track_id=2 | confidence=0.91 | metadata={"bbox": [435, 145, 527, 237]}
2026-10-02 23:07:59,732 | INFO | EVENT=EMBEDDING_GENERATED | metadata={"dim": 512, "fallback": true}
2026-10-02 23:07:59,733 | INFO | EVENT=RECOGNIZED | face_id=VIS-00001 | confidence=0.76
2026-10-02 23:07:59,739 | INFO | EVENT=TRACKING | track_id=2 | confidence=0.91 | metadata={"bbox": [435, 145, 527, 237]}
2026-10-02 23:07:59,759 | INFO | EVENT=EMBEDDING_GENERATED | metadata={"dim": 512, "fallback": true}
2026-10-02 23:07:59,759 | INFO | EVENT=RECOGNIZED | face_id=VIS-00001 | confidence=0.75
2026-10-02 23:07:59,766 | INFO | EVENT=TRACKING | track_id=2 | confidence=0.91 | metadata={"bbox": [435, 145, 527, 237]}
2026-10-02 23:07:59,786 | INFO | EVENT=EMBEDDING_GENERATED | metadata={"dim": 512, "fallback": true}
2026-10-02 23:07:59,786 | INFO | EVENT=RECOGNIZED | face_id=VIS-00001 | confidence=0.75
2026-10-02 23:07:59,793 | INFO | EVENT=TRACKING | track_id=2 | confidence=0.91 | metadata={"bbox": [435, 145, 527, 237]}
2026-10-02 23:07:59,813 | INFO | EVENT=EMBEDDING_GENERATED | metadata={"dim": 512, "fallback": true}
2026-10-02 23:07:59,814 | INFO | EVENT=RECOGNIZED | face_id=VIS-00001 | confidence=0.77
2026-10-02 23:07:59,820 | INFO | EVENT=TRACKING | track_id=2 | confidence=0.91 | metadata={"bbox": [435, 145, 527, 237]}
2026-10-02 23:07:59,840 | INFO | EVENT=EMBEDDING_GENERATED | metadata={"dim": 512, "fallback": true}
2026-10-02 23:07:59,841 | INFO | EVENT=RECOGNIZED | face_id=VIS-00001 | confidence=0.75
2026-10-02 23:07:59,965 | INFO | EVENT=FACE_DETECTED | confidence=0.91 | metadata={"frame": 109, "bbox": [537, 178, 623, 264]}
2026-10-02 23:07:59,965 | INFO | EVENT=FACE_DETECTED | confidence=0.91 | metadata={"frame": 109, "bbox": [437, 167, 525, 255]}
2026-10-02 23:07:59,968 | INFO | EVENT=TRACKING | track_id=1 | confidence=0.91 | metadata={"bbox": [437, 167, 525, 255]}
2026-10-02 23:07:59,988 | INFO | EVENT=EMBEDDING_GENERATED | metadata={"dim": 512, "fallback": true}
2026-10-02 23:07:59,989 | INFO | EVENT=RECOGNIZED | face_id=VIS-00001 | confidence=0.70
2026-10-02 23:07:59,997 | INFO | EVENT=TRACKING | track_id=3 | confidence=0.91 | metadata={"bbox": [537, 178, 623, 264]}
2026-10-02 23:07:59,997 | INFO | EVENT=TRACKING | track_id=1 | confidence=0.91 | metadata={"bbox": [437, 167, 525, 255]}
2026-10-02 23:08:00,020 | INFO | EVENT=EMBEDDING_GENERATED | metadata={"dim": 512, "fallback": true}
2026-10-02 23:08:00,020 | INFO | EVENT=RECOGNIZED | face_id=VIS-00001 | confidence=0.98
2026-10-02 23:08:00,044 | INFO | EVENT=EMBEDDING_GENERATED | metadata={"dim": 512, "fallback": true}
2026-10-02 23:08:00,044 | INFO | EVENT=RECOGNIZED | face_id=VIS-00001 | confidence=0.71
2026-10-02 23:08:00,053 | INFO | EVENT=TRACKING | track_id=3 | confidence=0.91 | metadata={"bbox": [537, 178, 623, 264]}
2026-10-02 23:08:00,053 | INFO | EVENT=TRACKING | track_id=1 | confidence=0.91 | metadata={"bbox": [437, 167, 525, 255]}
2026-10-02 23:08:00,074 | INFO | EVENT=EMBEDDING_GENERATED | metadata={"dim": 512, "fallback": true}
2026-10-02 23:08:00,075 | INFO | EVENT=RECOGNIZED | face_id=VIS-00001 | confidence=0.95
2026-10-02 23:08:00,095 | INFO | EVENT=EMBEDDING_GENERATED | metadata={"dim": 512, "fallback": true}
2026-10-02 23:08:00,095 | INFO | EVENT=RECOGNIZED | face_id=VIS-00001 | confidence=0.72
2026-10-02 23:08:00,103 | INFO | EVENT=TRACKING | track_id=3 | confidence=0.91 | metadata={"bbox": [537, 178, 623, 264]}
2026-10-02 23:08:00,104 | INFO | EVENT=TRACKING | track_id=1 | confidence=0.91 | metadata={"bbox": [437, 167, 525, 255]}
2026-10-02 23:08:00,124 | INFO | EVENT=EMBEDDING_GENERATED | metadata={"dim": 512, "fallback": true}
2026-10-02 23:08:00,124 | INFO | EVENT=RECOGNIZED | face_id=VIS-00001 | confidence=0.90
2026-10-02 23:08:00,146 | INFO | EVENT=EMBEDDING_GENERATED | metadata={"dim": 512, "fallback": true}
2026-10-02 23:08:00,147 | INFO | EVENT=RECOGNIZED | face_id=VIS-00001 | confidence=0.71
2026-10-02 23:08:00,154 | INFO | EVENT=TRACKING | track_id=3 | confidence=0.91 | metadata={"bbox": [537, 178, 623, 264]}
2026-10-02 23:08:00,154 | INFO | EVENT=TRACKING | track_id=2 | confidence=0.91 | metadata={"bbox": [437, 167, 525, 255]}
2026-10-02 23:08:00,171 | INFO | EVENT=EMBEDDING_GENERATED | metadata={"dim": 512, "fallback": true}
2026-10-02 23:08:00,172 | INFO | EVENT=RECOGNIZED | face_id=VIS-00001 | confidence=0.84
2026-10-02 23:08:00,190 | INFO | EVENT=EMBEDDING_GENERATED | metadata={"dim": 512, "fallback": true}
2026-10-02 23:08:00,190 | INFO | EVENT=RECOGNIZED | face_id=VIS-00001 | confidence=0.72
2026-10-02 23:08:00,195 | INFO | EVENT=TRACKING | track_id=3 | confidence=0.91 | metadata={"bbox": [537, 178, 623, 264]}
2026-10-02 23:08:00,195 | INFO | EVENT=TRACKING | track_id=2 | confidence=0.91 | metadata={"bbox": [437, 167, 525, 255]}
2026-10-02 23:08:00,211 | INFO | EVENT=EMBEDDING_GENERATED | metadata={"dim": 512, "fallback": true}
2026-10-02 23:08:00,212 | INFO | EVENT=RECOGNIZED | face_id=VIS-00001 | confidence=0.79
2026-10-02 23:08:00,230 | INFO | EVENT=EMBEDDING_GENERATED | metadata={"dim": 512, "fallback": true}
2026-10-02 23:08:00,230 | INFO | EVENT=RECOGNIZED | face_id=VIS-00001 | confidence=0.72
2026-10-02 23:08:00,398 | INFO | EVENT=FACE_DETECTED | confidence=0.91 | metadata={"frame": 115, "bbox": [435, 185, 523, 273]}
2026-10-02 23:08:00,398 | INFO | EVENT=FACE_DETECTED | confidence=0.91 | metadata={"frame": 115, "bbox": [596, 176, 640, 264]}
2026-10-02 23:08:00,401 | INFO | EVENT=TRACKING | track_id=2 | confidence=0.91 | metadata={"bbox": [435, 185, 523, 273]}
2026-10-02 23:08:00,401 | INFO | EVENT=TRACKING | track_id=3 | confidence=0.91 | metadata={"bbox": [596, 176, 640, 264]}
2026-10-02 23:08:00,421 | INFO | EVENT=EMBEDDING_GENERATED | metadata={"dim": 512, "fallback": true}
2026-10-02 23:08:00,422 | INFO | EVENT=RECOGNIZED | face_id=VIS-00001 | confidence=0.72
2026-10-02 23:08:00,445 | INFO | EVENT=EMBEDDING_GENERATED | metadata={"dim": 512, "fallback": true}
2026-10-02 23:08:00,445 | INFO | EVENT=RECOGNIZED | face_id=VIS-00001 | confidence=0.96
2026-10-02 23:08:00,453 | INFO | EVENT=TRACKING | track_id=2 | confidence=0.91 | metadata={"bbox": [435, 185, 523, 273]}
2026-10-02 23:08:00,453 | INFO | EVENT=TRACKING | track_id=3 | confidence=0.91 | metadata={"bbox": [596, 176, 640, 264]}
2026-10-02 23:08:00,483 | INFO | EVENT=EMBEDDING_GENERATED | metadata={"dim": 512, "fallback": true}
2026-10-02 23:08:00,483 | INFO | EVENT=RECOGNIZED | face_id=VIS-00001 | confidence=0.73
2026-10-02 23:08:00,506 | INFO | EVENT=EMBEDDING_GENERATED | metadata={"dim": 512, "fallback": true}
2026-10-02 23:08:00,506 | INFO | EVENT=RECOGNIZED | face_id=VIS-00001 | confidence=0.91
2026-10-02 23:08:00,513 | INFO | EVENT=TRACKING | track_id=2 | confidence=0.91 | metadata={"bbox": [435, 185, 523, 273]}
2026-10-02 23:08:00,514 | INFO | EVENT=TRACKING | track_id=3 | confidence=0.91 | metadata={"bbox": [596, 176, 640, 264]}
2026-10-02 23:08:00,533 | INFO | EVENT=EMBEDDING_GENERATED | metadata={"dim": 512, "fallback": true}
2026-10-02 23:08:00,533 | INFO | EVENT=RECOGNIZED | face_id=VIS-00001 | confidence=0.72
2026-10-02 23:08:00,555 | INFO | EVENT=EMBEDDING_GENERATED | metadata={"dim": 512, "fallback": true}
2026-10-02 23:08:00,555 | INFO | EVENT=RECOGNIZED | face_id=VIS-00001 | confidence=0.79
2026-10-02 23:08:00,563 | INFO | EVENT=TRACKING | track_id=2 | confidence=0.91 | metadata={"bbox": [435, 185, 523, 273]}
2026-10-02 23:08:00,563 | INFO | EVENT=TRACKING | track_id=3 | confidence=0.91 | metadata={"bbox": [596, 176, 640, 264]}
2026-10-02 23:08:00,583 | INFO | EVENT=EMBEDDING_GENERATED | metadata={"dim": 512, "fallback": true}
2026-10-02 23:08:00,584 | INFO | EVENT=RECOGNIZED | face_id=VIS-00001 | confidence=0.71
2026-10-02 23:08:00,604 | INFO | EVENT=EMBEDDING_GENERATED | metadata={"dim": 512, "fallback": true}
2026-10-02 23:08:00,604 | INFO | EVENT=RECOGNIZED | face_id=VIS-00001 | confidence=0.68
2026-10-02 23:08:00,611 | INFO | EVENT=TRACKING | track_id=2 | confidence=0.91 | metadata={"bbox": [435, 185, 523, 273]}
2026-10-02 23:08:00,611 | INFO | EVENT=TRACKING | track_id=3 | confidence=0.91 | metadata={"bbox": [596, 176, 640, 264]}
2026-10-02 23:08:00,628 | INFO | EVENT=EMBEDDING_GENERATED | metadata={"dim": 512, "fallback": true}
2026-10-02 23:08:00,628 | INFO | EVENT=RECOGNIZED | face_id=VIS-00001 | confidence=0.72
2026-10-02 23:08:00,647 | INFO | EVENT=EMBEDDING_GENERATED | metadata={"dim": 512, "fallback": true}
2026-10-02 23:08:00,647 | INFO | EVENT=RECOGNIZED | face_id=VIS-00001 | confidence=0.63
2026-10-02 23:08:00,654 | INFO | EVENT=TRACKING | track_id=2 | confidence=0.91 | metadata={"bbox": [435, 185, 523, 273]}
2026-10-02 23:08:00,655 | INFO | EVENT=TRACKING | track_id=3 | confidence=0.91 | metadata={"bbox": [596, 176, 640, 264]}
2026-10-02 23:08:00,671 | INFO | EVENT=EMBEDDING_GENERATED | metadata={"dim": 512, "fallback": true}
2026-10-02 23:08:00,671 | INFO | EVENT=RECOGNIZED | face_id=VIS-00001 | confidence=0.73
2026-10-02 23:08:00,688 | INFO | EVENT=EMBEDDING_GENERATED | metadata={"dim": 512, "fallback": true}
2026-10-02 23:08:00,688 | INFO | EVENT=RECOGNIZED | face_id=VIS-00001 | confidence=0.62
2026-10-02 23:08:00,811 | INFO | EVENT=FACE_DETECTED | confidence=0.91 | metadata={"frame": 121, "bbox": [435, 206, 523, 294]}
2026-10-02 23:08:00,813 | INFO | EVENT=TRACKING | track_id=2 | confidence=0.91 | metadata={"bbox": [435, 206, 523, 294]}
2026-10-02 23:08:00,830 | INFO | EVENT=EMBEDDING_GENERATED | metadata={"dim": 512, "fallback": true}
2026-10-02 23:08:00,830 | INFO | EVENT=RECOGNIZED | face_id=VIS-00001 | confidence=0.72
2026-10-02 23:08:00,836 | INFO | EVENT=TRACKING | track_id=2 | confidence=0.91 | metadata={"bbox": [435, 206, 523, 294]}
2026-10-02 23:08:00,860 | INFO | EVENT=EMBEDDING_GENERATED | metadata={"dim": 512, "fallback": true}
2026-10-02 23:08:00,861 | INFO | EVENT=RECOGNIZED | face_id=VIS-00001 | confidence=0.71
2026-10-02 23:08:00,868 | INFO | EVENT=TRACKING | track_id=2 | confidence=0.91 | metadata={"bbox": [435, 206, 523, 294]}
2026-10-02 23:08:00,889 | INFO | EVENT=EMBEDDING_GENERATED | metadata={"dim": 512, "fallback": true}
2026-10-02 23:08:00,889 | INFO | EVENT=RECOGNIZED | face_id=VIS-00001 | confidence=0.70
2026-10-02 23:08:00,896 | INFO | EVENT=TRACKING | track_id=2 | confidence=0.91 | metadata={"bbox": [435, 206, 523, 294]}
2026-10-02 23:08:00,922 | INFO | EVENT=EMBEDDING_GENERATED | metadata={"dim": 512, "fallback": true}
2026-10-02 23:08:00,922 | INFO | EVENT=RECOGNIZED | face_id=VIS-00001 | confidence=0.70
2026-10-02 23:08:00,929 | INFO | EVENT=TRACKING | track_id=2 | confidence=0.91 | metadata={"bbox": [435, 206, 523, 294]}
2026-10-02 23:08:00,949 | INFO | EVENT=EMBEDDING_GENERATED | metadata={"dim": 512, "fallback": true}
2026-10-02 23:08:00,950 | INFO | EVENT=RECOGNIZED | face_id=VIS-00001 | confidence=0.69
2026-10-02 23:08:00,956 | INFO | EVENT=TRACKING | track_id=2 | confidence=0.91 | metadata={"bbox": [435, 206, 523, 294]}
2026-10-02 23:08:00,977 | INFO | EVENT=EMBEDDING_GENERATED | metadata={"dim": 512, "fallback": true}
2026-10-02 23:08:00,977 | INFO | EVENT=RECOGNIZED | face_id=VIS-00001 | confidence=0.71
2026-10-02 23:08:01,095 | INFO | EVENT=FACE_DETECTED | confidence=0.53 | metadata={"frame": 127, "bbox": [434, 226, 527, 315]}
2026-10-02 23:08:01,097 | INFO | EVENT=TRACKING | track_id=2 | confidence=0.53 | metadata={"bbox": [434, 226, 527, 315]}
2026-10-02 23:08:01,116 | INFO | EVENT=EMBEDDING_GENERATED | metadata={"dim": 512, "fallback": true}
2026-10-02 23:08:01,116 | INFO | EVENT=RECOGNIZED | face_id=VIS-00001 | confidence=0.73
2026-10-02 23:08:01,124 | INFO | EVENT=TRACKING | track_id=2 | confidence=0.53 | metadata={"bbox": [434, 226, 527, 315]}
2026-10-02 23:08:01,144 | INFO | EVENT=EMBEDDING_GENERATED | metadata={"dim": 512, "fallback": true}
2026-10-02 23:08:01,144 | INFO | EVENT=RECOGNIZED | face_id=VIS-00001 | confidence=0.73
2026-10-02 23:08:01,151 | INFO | EVENT=TRACKING | track_id=2 | confidence=0.53 | metadata={"bbox": [434, 226, 527, 315]}
2026-10-02 23:08:01,171 | INFO | EVENT=EMBEDDING_GENERATED | metadata={"dim": 512, "fallback": true}
2026-10-02 23:08:01,171 | INFO | EVENT=RECOGNIZED | face_id=VIS-00001 | confidence=0.72
2026-10-02 23:08:01,177 | INFO | EVENT=TRACKING | track_id=2 | confidence=0.53 | metadata={"bbox": [434, 226, 527, 315]}
2026-10-02 23:08:01,197 | INFO | EVENT=EMBEDDING_GENERATED | metadata={"dim": 512, "fallback": true}
2026-10-02 23:08:01,197 | INFO | EVENT=RECOGNIZED | face_id=VIS-00001 | confidence=0.72
2026-10-02 23:08:01,204 | INFO | EVENT=TRACKING | track_id=2 | confidence=0.53 | metadata={"bbox": [434, 226, 527, 315]}
2026-10-02 23:08:01,225 | INFO | EVENT=EMBEDDING_GENERATED | metadata={"dim": 512, "fallback": true}
2026-10-02 23:08:01,226 | INFO | EVENT=RECOGNIZED | face_id=VIS-00001 | confidence=0.73
2026-10-02 23:08:01,233 | INFO | EVENT=TRACKING | track_id=2 | confidence=0.53 | metadata={"bbox": [434, 226, 527, 315]}
2026-10-02 23:08:01,252 | INFO | EVENT=EMBEDDING_GENERATED | metadata={"dim": 512, "fallback": true}
2026-10-02 23:08:01,252 | INFO | EVENT=RECOGNIZED | face_id=VIS-00001 | confidence=0.72
2026-10-02 23:08:01,373 | INFO | EVENT=FACE_DETECTED | confidence=0.91 | metadata={"frame": 133, "bbox": [438, 248, 524, 334]}
2026-10-02 23:08:01,375 | INFO | EVENT=TRACKING | track_id=2 | confidence=0.91 | metadata={"bbox": [438, 248, 524, 334]}
2026-10-02 23:08:01,396 | INFO | EVENT=EMBEDDING_GENERATED | metadata={"dim": 512, "fallback": true}
2026-10-02 23:08:01,396 | INFO | EVENT=RECOGNIZED | face_id=VIS-00001 | confidence=0.69
2026-10-02 23:08:01,406 | INFO | EVENT=TRACKING | track_id=2 | confidence=0.91 | metadata={"bbox": [438, 248, 524, 334]}
2026-10-02 23:08:01,429 | INFO | EVENT=EMBEDDING_GENERATED | metadata={"dim": 512, "fallback": true}
2026-10-02 23:08:01,430 | INFO | EVENT=RECOGNIZED | face_id=VIS-00001 | confidence=0.69
2026-10-02 23:08:01,436 | INFO | EVENT=TRACKING | track_id=2 | confidence=0.91 | metadata={"bbox": [438, 248, 524, 334]}
2026-10-02 23:08:01,458 | INFO | EVENT=EMBEDDING_GENERATED | metadata={"dim": 512, "fallback": true}
2026-10-02 23:08:01,458 | INFO | EVENT=RECOGNIZED | face_id=VIS-00001 | confidence=0.70
2026-10-02 23:08:01,469 | INFO | EVENT=TRACKING | track_id=2 | confidence=0.91 | metadata={"bbox": [438, 248, 524, 334]}
2026-10-02 23:08:01,493 | INFO | EVENT=EMBEDDING_GENERATED | metadata={"dim": 512, "fallback": true}
2026-10-02 23:08:01,493 | INFO | EVENT=RECOGNIZED | face_id=VIS-00001 | confidence=0.70
2026-10-02 23:08:01,500 | INFO | EVENT=TRACKING | track_id=2 | confidence=0.91 | metadata={"bbox": [438, 248, 524, 334]}
2026-10-02 23:08:01,520 | INFO | EVENT=EMBEDDING_GENERATED | metadata={"dim": 512, "fallback": true}
2026-10-02 23:08:01,520 | INFO | EVENT=RECOGNIZED | face_id=VIS-00001 | confidence=0.71
2026-10-02 23:08:01,527 | INFO | EVENT=TRACKING | track_id=2 | confidence=0.91 | metadata={"bbox": [438, 248, 524, 334]}
2026-10-02 23:08:01,547 | INFO | EVENT=EMBEDDING_GENERATED | metadata={"dim": 512, "fallback": true}
2026-10-02 23:08:01,547 | INFO | EVENT=RECOGNIZED | face_id=VIS-00001 | confidence=0.71
2026-10-02 23:08:01,673 | INFO | EVENT=FACE_DETECTED | confidence=0.91 | metadata={"frame": 139, "bbox": [437, 265, 525, 353]}
2026-10-02 23:08:01,674 | INFO | EVENT=TRACKING | track_id=2 | confidence=0.91 | metadata={"bbox": [437, 265, 525, 353]}
2026-10-02 23:08:01,695 | INFO | EVENT=EMBEDDING_GENERATED | metadata={"dim": 512, "fallback": true}
2026-10-02 23:08:01,695 | INFO | EVENT=RECOGNIZED | face_id=VIS-00001 | confidence=0.72
2026-10-02 23:08:01,703 | INFO | EVENT=TRACKING | track_id=2 | confidence=0.91 | metadata={"bbox": [437, 265, 525, 353]}
2026-10-02 23:08:01,725 | INFO | EVENT=EMBEDDING_GENERATED | metadata={"dim": 512, "fallback": true}
2026-10-02 23:08:01,725 | INFO | EVENT=RECOGNIZED | face_id=VIS-00001 | confidence=0.73
2026-10-02 23:08:01,731 | INFO | EVENT=TRACKING | track_id=2 | confidence=0.91 | metadata={"bbox": [437, 265, 525, 353]}
2026-10-02 23:08:01,757 | INFO | EVENT=EMBEDDING_GENERATED | metadata={"dim": 512, "fallback": true}
2026-10-02 23:08:01,757 | INFO | EVENT=RECOGNIZED | face_id=VIS-00001 | confidence=0.72
2026-10-02 23:08:01,763 | INFO | EVENT=TRACKING | track_id=2 | confidence=0.91 | metadata={"bbox": [437, 265, 525, 353]}
2026-10-02 23:08:01,788 | INFO | EVENT=EMBEDDING_GENERATED | metadata={"dim": 512, "fallback": true}
2026-10-02 23:08:01,788 | INFO | EVENT=RECOGNIZED | face_id=VIS-00001 | confidence=0.71
2026-10-02 23:08:01,801 | INFO | EVENT=EXIT | face_id=VIS-00001 | track_id=1 | confidence=0.71 | metadata={"image_path": "logs/exits\\2026-10-02\\VIS-00001_2026-10-02_173801.jpg", "frame": 142}
2026-10-02 23:08:01,813 | INFO | EVENT=TRACKING | track_id=2 | confidence=0.91 | metadata={"bbox": [437, 265, 525, 353]}
2026-10-02 23:08:01,834 | INFO | EVENT=EMBEDDING_GENERATED | metadata={"dim": 512, "fallback": true}
2026-10-02 23:08:01,834 | INFO | EVENT=RECOGNIZED | face_id=VIS-00001 | confidence=0.72
2026-10-02 23:08:01,841 | INFO | EVENT=TRACKING | track_id=2 | confidence=0.91 | metadata={"bbox": [437, 265, 525, 353]}
2026-10-02 23:08:01,863 | INFO | EVENT=EMBEDDING_GENERATED | metadata={"dim": 512, "fallback": true}
2026-10-02 23:08:01,863 | INFO | EVENT=RECOGNIZED | face_id=VIS-00001 | confidence=0.73
2026-10-02 23:08:02,002 | INFO | EVENT=FACE_DETECTED | confidence=0.91 | metadata={"frame": 145, "bbox": [436, 288, 522, 374]}
2026-10-02 23:08:02,004 | INFO | EVENT=TRACKING | track_id=2 | confidence=0.91 | metadata={"bbox": [436, 288, 522, 374]}
2026-10-02 23:08:02,020 | INFO | EVENT=EMBEDDING_GENERATED | metadata={"dim": 512, "fallback": true}
2026-10-02 23:08:02,020 | INFO | EVENT=RECOGNIZED | face_id=VIS-00001 | confidence=0.71
2026-10-02 23:08:02,026 | INFO | EVENT=TRACKING | track_id=2 | confidence=0.91 | metadata={"bbox": [436, 288, 522, 374]}
2026-10-02 23:08:02,046 | INFO | EVENT=EMBEDDING_GENERATED | metadata={"dim": 512, "fallback": true}
2026-10-02 23:08:02,046 | INFO | EVENT=RECOGNIZED | face_id=VIS-00001 | confidence=0.70
2026-10-02 23:08:02,056 | INFO | EVENT=TRACKING | track_id=2 | confidence=0.91 | metadata={"bbox": [436, 288, 522, 374]}
2026-10-02 23:08:02,077 | INFO | EVENT=EMBEDDING_GENERATED | metadata={"dim": 512, "fallback": true}
2026-10-02 23:08:02,078 | INFO | EVENT=RECOGNIZED | face_id=VIS-00001 | confidence=0.69
2026-10-02 23:08:02,085 | INFO | EVENT=TRACKING | track_id=2 | confidence=0.91 | metadata={"bbox": [436, 288, 522, 374]}
2026-10-02 23:08:02,107 | INFO | EVENT=EMBEDDING_GENERATED | metadata={"dim": 512, "fallback": true}
2026-10-02 23:08:02,107 | INFO | EVENT=RECOGNIZED | face_id=VIS-00001 | confidence=0.68
2026-10-02 23:08:02,113 | INFO | EVENT=TRACKING | track_id=2 | confidence=0.91 | metadata={"bbox": [436, 288, 522, 374]}
2026-10-02 23:08:02,139 | INFO | EVENT=EMBEDDING_GENERATED | metadata={"dim": 512, "fallback": true}
2026-10-02 23:08:02,139 | INFO | EVENT=RECOGNIZED | face_id=VIS-00001 | confidence=0.67
2026-10-02 23:08:02,145 | INFO | EVENT=TRACKING | track_id=2 | confidence=0.91 | metadata={"bbox": [436, 288, 522, 374]}
2026-10-02 23:08:02,166 | INFO | EVENT=EMBEDDING_GENERATED | metadata={"dim": 512, "fallback": true}
2026-10-02 23:08:02,166 | INFO | EVENT=RECOGNIZED | face_id=VIS-00001 | confidence=0.69
2026-10-02 23:08:02,175 | INFO | EVENT=EXIT | face_id=VIS-00001 | track_id=3 | confidence=0.62 | metadata={"image_path": "logs/exits\\2026-10-02\\VIS-00001_2026-10-02_173802.jpg", "frame": 150}
2026-10-02 23:08:02,313 | INFO | EVENT=FACE_DETECTED | confidence=0.91 | metadata={"frame": 151, "bbox": [435, 305, 523, 393]}
2026-10-02 23:08:02,315 | INFO | EVENT=TRACKING | track_id=2 | confidence=0.91 | metadata={"bbox": [435, 305, 523, 393]}
2026-10-02 23:08:02,335 | INFO | EVENT=EMBEDDING_GENERATED | metadata={"dim": 512, "fallback": true}
2026-10-02 23:08:02,336 | INFO | EVENT=RECOGNIZED | face_id=VIS-00001 | confidence=0.71
2026-10-02 23:08:02,343 | INFO | EVENT=TRACKING | track_id=2 | confidence=0.91 | metadata={"bbox": [435, 305, 523, 393]}
2026-10-02 23:08:02,363 | INFO | EVENT=EMBEDDING_GENERATED | metadata={"dim": 512, "fallback": true}
2026-10-02 23:08:02,363 | INFO | EVENT=RECOGNIZED | face_id=VIS-00001 | confidence=0.70
2026-10-02 23:08:02,369 | INFO | EVENT=TRACKING | track_id=2 | confidence=0.91 | metadata={"bbox": [435, 305, 523, 393]}
2026-10-02 23:08:02,389 | INFO | EVENT=EMBEDDING_GENERATED | metadata={"dim": 512, "fallback": true}
2026-10-02 23:08:02,390 | INFO | EVENT=RECOGNIZED | face_id=VIS-00001 | confidence=0.69
2026-10-02 23:08:02,396 | INFO | EVENT=TRACKING | track_id=2 | confidence=0.91 | metadata={"bbox": [435, 305, 523, 393]}
2026-10-02 23:08:02,415 | INFO | EVENT=EMBEDDING_GENERATED | metadata={"dim": 512, "fallback": true}
2026-10-02 23:08:02,415 | INFO | EVENT=RECOGNIZED | face_id=VIS-00001 | confidence=0.69
2026-10-02 23:08:02,422 | INFO | EVENT=TRACKING | track_id=2 | confidence=0.91 | metadata={"bbox": [435, 305, 523, 393]}
2026-10-02 23:08:02,441 | INFO | EVENT=EMBEDDING_GENERATED | metadata={"dim": 512, "fallback": true}
2026-10-02 23:08:02,442 | INFO | EVENT=RECOGNIZED | face_id=VIS-00001 | confidence=0.71
2026-10-02 23:08:02,448 | INFO | EVENT=TRACKING | track_id=2 | confidence=0.91 | metadata={"bbox": [435, 305, 523, 393]}
2026-10-02 23:08:02,467 | INFO | EVENT=EMBEDDING_GENERATED | metadata={"dim": 512, "fallback": true}
2026-10-02 23:08:02,468 | INFO | EVENT=RECOGNIZED | face_id=VIS-00001 | confidence=0.71
2026-10-02 23:08:02,596 | INFO | EVENT=FACE_DETECTED | confidence=0.91 | metadata={"frame": 157, "bbox": [435, 325, 523, 413]}
2026-10-02 23:08:02,598 | INFO | EVENT=TRACKING | track_id=2 | confidence=0.91 | metadata={"bbox": [435, 325, 523, 413]}
2026-10-02 23:08:02,618 | INFO | EVENT=EMBEDDING_GENERATED | metadata={"dim": 512, "fallback": true}
2026-10-02 23:08:02,618 | INFO | EVENT=RECOGNIZED | face_id=VIS-00001 | confidence=0.71
2026-10-02 23:08:02,626 | INFO | EVENT=TRACKING | track_id=2 | confidence=0.91 | metadata={"bbox": [435, 325, 523, 413]}
2026-10-02 23:08:02,646 | INFO | EVENT=EMBEDDING_GENERATED | metadata={"dim": 512, "fallback": true}
2026-10-02 23:08:02,647 | INFO | EVENT=RECOGNIZED | face_id=VIS-00001 | confidence=0.71
2026-10-02 23:08:02,653 | INFO | EVENT=TRACKING | track_id=2 | confidence=0.91 | metadata={"bbox": [435, 325, 523, 413]}
2026-10-02 23:08:02,673 | INFO | EVENT=EMBEDDING_GENERATED | metadata={"dim": 512, "fallback": true}
2026-10-02 23:08:02,673 | INFO | EVENT=RECOGNIZED | face_id=VIS-00001 | confidence=0.72
2026-10-02 23:08:02,680 | INFO | EVENT=TRACKING | track_id=2 | confidence=0.91 | metadata={"bbox": [435, 325, 523, 413]}
2026-10-02 23:08:02,700 | INFO | EVENT=EMBEDDING_GENERATED | metadata={"dim": 512, "fallback": true}
2026-10-02 23:08:02,700 | INFO | EVENT=RECOGNIZED | face_id=VIS-00001 | confidence=0.72
2026-10-02 23:08:02,707 | INFO | EVENT=TRACKING | track_id=2 | confidence=0.91 | metadata={"bbox": [435, 325, 523, 413]}
2026-10-02 23:08:02,726 | INFO | EVENT=EMBEDDING_GENERATED | metadata={"dim": 512, "fallback": true}
2026-10-02 23:08:02,726 | INFO | EVENT=RECOGNIZED | face_id=VIS-00001 | confidence=0.73
2026-10-02 23:08:02,732 | INFO | EVENT=TRACKING | track_id=2 | confidence=0.91 | metadata={"bbox": [435, 325, 523, 413]}
2026-10-02 23:08:02,751 | INFO | EVENT=EMBEDDING_GENERATED | metadata={"dim": 512, "fallback": true}
2026-10-02 23:08:02,751 | INFO | EVENT=RECOGNIZED | face_id=VIS-00001 | confidence=0.73
2026-10-02 23:08:02,867 | INFO | EVENT=FACE_DETECTED | confidence=0.91 | metadata={"frame": 163, "bbox": [437, 345, 525, 433]}
2026-10-02 23:08:02,869 | INFO | EVENT=TRACKING | track_id=2 | confidence=0.91 | metadata={"bbox": [437, 345, 525, 433]}
2026-10-02 23:08:02,893 | INFO | EVENT=EMBEDDING_GENERATED | metadata={"dim": 512, "fallback": true}
2026-10-02 23:08:02,894 | INFO | EVENT=RECOGNIZED | face_id=VIS-00001 | confidence=0.72
2026-10-02 23:08:02,900 | INFO | EVENT=TRACKING | track_id=2 | confidence=0.91 | metadata={"bbox": [437, 345, 525, 433]}
2026-10-02 23:08:02,918 | INFO | EVENT=EMBEDDING_GENERATED | metadata={"dim": 512, "fallback": true}
2026-10-02 23:08:02,918 | INFO | EVENT=RECOGNIZED | face_id=VIS-00001 | confidence=0.73
2026-10-02 23:08:02,925 | INFO | EVENT=TRACKING | track_id=2 | confidence=0.91 | metadata={"bbox": [437, 345, 525, 433]}
2026-10-02 23:08:02,945 | INFO | EVENT=EMBEDDING_GENERATED | metadata={"dim": 512, "fallback": true}
2026-10-02 23:08:02,945 | INFO | EVENT=RECOGNIZED | face_id=VIS-00001 | confidence=0.72
2026-10-02 23:08:02,953 | INFO | EVENT=TRACKING | track_id=2 | confidence=0.91 | metadata={"bbox": [437, 345, 525, 433]}
2026-10-02 23:08:02,972 | INFO | EVENT=EMBEDDING_GENERATED | metadata={"dim": 512, "fallback": true}
2026-10-02 23:08:02,972 | INFO | EVENT=RECOGNIZED | face_id=VIS-00001 | confidence=0.71
2026-10-02 23:08:02,978 | INFO | EVENT=TRACKING | track_id=2 | confidence=0.91 | metadata={"bbox": [437, 345, 525, 433]}
2026-10-02 23:08:02,997 | INFO | EVENT=EMBEDDING_GENERATED | metadata={"dim": 512, "fallback": true}
2026-10-02 23:08:02,998 | INFO | EVENT=RECOGNIZED | face_id=VIS-00001 | confidence=0.72
2026-10-02 23:08:03,005 | INFO | EVENT=TRACKING | track_id=2 | confidence=0.91 | metadata={"bbox": [437, 345, 525, 433]}
2026-10-02 23:08:03,024 | INFO | EVENT=EMBEDDING_GENERATED | metadata={"dim": 512, "fallback": true}
2026-10-02 23:08:03,024 | INFO | EVENT=RECOGNIZED | face_id=VIS-00001 | confidence=0.73
2026-10-02 23:08:03,144 | INFO | EVENT=FACE_DETECTED | confidence=0.91 | metadata={"frame": 169, "bbox": [434, 364, 524, 454]}
2026-10-02 23:08:03,146 | INFO | EVENT=TRACKING | track_id=2 | confidence=0.91 | metadata={"bbox": [434, 364, 524, 454]}
2026-10-02 23:08:03,165 | INFO | EVENT=EMBEDDING_GENERATED | metadata={"dim": 512, "fallback": true}
2026-10-02 23:08:03,165 | INFO | EVENT=RECOGNIZED | face_id=VIS-00001 | confidence=0.75
2026-10-02 23:08:03,173 | INFO | EVENT=TRACKING | track_id=2 | confidence=0.91 | metadata={"bbox": [434, 364, 524, 454]}
2026-10-02 23:08:03,194 | INFO | EVENT=EMBEDDING_GENERATED | metadata={"dim": 512, "fallback": true}
2026-10-02 23:08:03,194 | INFO | EVENT=RECOGNIZED | face_id=VIS-00001 | confidence=0.74
2026-10-02 23:08:03,201 | INFO | EVENT=TRACKING | track_id=2 | confidence=0.91 | metadata={"bbox": [434, 364, 524, 454]}
2026-10-02 23:08:03,221 | INFO | EVENT=EMBEDDING_GENERATED | metadata={"dim": 512, "fallback": true}
2026-10-02 23:08:03,222 | INFO | EVENT=RECOGNIZED | face_id=VIS-00001 | confidence=0.72
2026-10-02 23:08:03,227 | INFO | EVENT=TRACKING | track_id=2 | confidence=0.91 | metadata={"bbox": [434, 364, 524, 454]}
2026-10-02 23:08:03,247 | INFO | EVENT=EMBEDDING_GENERATED | metadata={"dim": 512, "fallback": true}
2026-10-02 23:08:03,247 | INFO | EVENT=RECOGNIZED | face_id=VIS-00001 | confidence=0.72
2026-10-02 23:08:03,254 | INFO | EVENT=TRACKING | track_id=2 | confidence=0.91 | metadata={"bbox": [434, 364, 524, 454]}
2026-10-02 23:08:03,273 | INFO | EVENT=EMBEDDING_GENERATED | metadata={"dim": 512, "fallback": true}
2026-10-02 23:08:03,274 | INFO | EVENT=RECOGNIZED | face_id=VIS-00001 | confidence=0.72
2026-10-02 23:08:03,280 | INFO | EVENT=TRACKING | track_id=2 | confidence=0.91 | metadata={"bbox": [434, 364, 524, 454]}
2026-10-02 23:08:03,300 | INFO | EVENT=EMBEDDING_GENERATED | metadata={"dim": 512, "fallback": true}
2026-10-02 23:08:03,300 | INFO | EVENT=RECOGNIZED | face_id=VIS-00001 | confidence=0.73
2026-10-02 23:08:03,424 | INFO | EVENT=FACE_DETECTED | confidence=0.91 | metadata={"frame": 175, "bbox": [437, 385, 525, 473]}
2026-10-02 23:08:03,426 | INFO | EVENT=TRACKING | track_id=2 | confidence=0.91 | metadata={"bbox": [437, 385, 525, 473]}
2026-10-02 23:08:03,447 | INFO | EVENT=EMBEDDING_GENERATED | metadata={"dim": 512, "fallback": true}
2026-10-02 23:08:03,447 | INFO | EVENT=RECOGNIZED | face_id=VIS-00001 | confidence=0.70
2026-10-02 23:08:03,454 | INFO | EVENT=TRACKING | track_id=2 | confidence=0.91 | metadata={"bbox": [437, 385, 525, 473]}
2026-10-02 23:08:03,472 | INFO | EVENT=EMBEDDING_GENERATED | metadata={"dim": 512, "fallback": true}
2026-10-02 23:08:03,473 | INFO | EVENT=RECOGNIZED | face_id=VIS-00001 | confidence=0.70
2026-10-02 23:08:03,479 | INFO | EVENT=TRACKING | track_id=2 | confidence=0.91 | metadata={"bbox": [437, 385, 525, 473]}
2026-10-02 23:08:03,499 | INFO | EVENT=EMBEDDING_GENERATED | metadata={"dim": 512, "fallback": true}
2026-10-02 23:08:03,499 | INFO | EVENT=RECOGNIZED | face_id=VIS-00001 | confidence=0.69
2026-10-02 23:08:03,506 | INFO | EVENT=TRACKING | track_id=2 | confidence=0.91 | metadata={"bbox": [437, 385, 525, 473]}
2026-10-02 23:08:03,527 | INFO | EVENT=EMBEDDING_GENERATED | metadata={"dim": 512, "fallback": true}
2026-10-02 23:08:03,527 | INFO | EVENT=RECOGNIZED | face_id=VIS-00001 | confidence=0.70
2026-10-02 23:08:03,534 | INFO | EVENT=TRACKING | track_id=2 | confidence=0.91 | metadata={"bbox": [437, 385, 525, 473]}
2026-10-02 23:08:03,554 | INFO | EVENT=EMBEDDING_GENERATED | metadata={"dim": 512, "fallback": true}
2026-10-02 23:08:03,554 | INFO | EVENT=RECOGNIZED | face_id=VIS-00001 | confidence=0.71
2026-10-02 23:08:03,561 | INFO | EVENT=TRACKING | track_id=2 | confidence=0.91 | metadata={"bbox": [437, 385, 525, 473]}
2026-10-02 23:08:03,580 | INFO | EVENT=EMBEDDING_GENERATED | metadata={"dim": 512, "fallback": true}
2026-10-02 23:08:03,581 | INFO | EVENT=RECOGNIZED | face_id=VIS-00001 | confidence=0.71
2026-10-02 23:08:03,717 | INFO | EVENT=FACE_DETECTED | confidence=0.91 | metadata={"frame": 181, "bbox": [438, 406, 524, 480]}
2026-10-02 23:08:03,719 | INFO | EVENT=TRACKING | track_id=2 | confidence=0.91 | metadata={"bbox": [438, 406, 524, 480]}
2026-10-02 23:08:03,740 | INFO | EVENT=EMBEDDING_GENERATED | metadata={"dim": 512, "fallback": true}
2026-10-02 23:08:03,740 | INFO | EVENT=RECOGNIZED | face_id=VIS-00001 | confidence=0.62
2026-10-02 23:08:03,747 | INFO | EVENT=TRACKING | track_id=2 | confidence=0.91 | metadata={"bbox": [438, 406, 524, 480]}
2026-10-02 23:08:03,766 | INFO | EVENT=EMBEDDING_GENERATED | metadata={"dim": 512, "fallback": true}
2026-10-02 23:08:03,766 | INFO | EVENT=RECOGNIZED | face_id=VIS-00001 | confidence=0.62
2026-10-02 23:08:03,773 | INFO | EVENT=TRACKING | track_id=2 | confidence=0.91 | metadata={"bbox": [438, 406, 524, 480]}
2026-10-02 23:08:03,792 | INFO | EVENT=EMBEDDING_GENERATED | metadata={"dim": 512, "fallback": true}
2026-10-02 23:08:03,793 | INFO | EVENT=RECOGNIZED | face_id=VIS-00001 | confidence=0.62
2026-10-02 23:08:03,800 | INFO | EVENT=TRACKING | track_id=2 | confidence=0.91 | metadata={"bbox": [438, 406, 524, 480]}
2026-10-02 23:08:03,819 | INFO | EVENT=EMBEDDING_GENERATED | metadata={"dim": 512, "fallback": true}
2026-10-02 23:08:03,819 | INFO | EVENT=RECOGNIZED | face_id=VIS-00001 | confidence=0.62
2026-10-02 23:08:03,825 | INFO | EVENT=TRACKING | track_id=2 | confidence=0.91 | metadata={"bbox": [438, 406, 524, 480]}
2026-10-02 23:08:03,845 | INFO | EVENT=EMBEDDING_GENERATED | metadata={"dim": 512, "fallback": true}
2026-10-02 23:08:03,845 | INFO | EVENT=RECOGNIZED | face_id=VIS-00001 | confidence=0.62
2026-10-02 23:08:03,853 | INFO | EVENT=TRACKING | track_id=2 | confidence=0.91 | metadata={"bbox": [438, 406, 524, 480]}
2026-10-02 23:08:03,875 | INFO | EVENT=EMBEDDING_GENERATED | metadata={"dim": 512, "fallback": true}
2026-10-02 23:08:03,876 | INFO | EVENT=RECOGNIZED | face_id=VIS-00001 | confidence=0.62
2026-10-02 23:08:05,419 | INFO | EVENT=FACE_DETECTED | confidence=0.91 | metadata={"frame": 211, "bbox": [6, 197, 94, 285]}
2026-10-02 23:08:05,423 | INFO | EVENT=TRACKING | track_id=4 | confidence=0.91 | metadata={"bbox": [6, 197, 94, 285]}
2026-10-02 23:08:05,438 | INFO | EVENT=EMBEDDING_GENERATED | metadata={"dim": 512, "fallback": true}
2026-10-02 23:08:05,438 | INFO | EVENT=RECOGNIZED | face_id=VIS-00001 | confidence=0.97
2026-10-02 23:08:05,448 | INFO | EVENT=ENTRY | face_id=VIS-00001 | track_id=4 | confidence=0.97 | metadata={"image_path": "logs/entries\\2026-10-02\\VIS-00001_2026-10-02_173805.jpg", "frame": 212}
2026-10-02 23:08:05,459 | INFO | EVENT=TRACKING | track_id=4 | confidence=0.91 | metadata={"bbox": [6, 197, 94, 285]}
2026-10-02 23:08:05,479 | INFO | EVENT=EMBEDDING_GENERATED | metadata={"dim": 512, "fallback": true}
2026-10-02 23:08:05,479 | INFO | EVENT=RECOGNIZED | face_id=VIS-00001 | confidence=0.98
2026-10-02 23:08:05,486 | INFO | EVENT=TRACKING | track_id=4 | confidence=0.91 | metadata={"bbox": [6, 197, 94, 285]}
2026-10-02 23:08:05,505 | INFO | EVENT=EMBEDDING_GENERATED | metadata={"dim": 512, "fallback": true}
2026-10-02 23:08:05,506 | INFO | EVENT=RECOGNIZED | face_id=VIS-00001 | confidence=0.98
2026-10-02 23:08:05,513 | INFO | EVENT=TRACKING | track_id=4 | confidence=0.91 | metadata={"bbox": [6, 197, 94, 285]}
2026-10-02 23:08:05,549 | INFO | EVENT=EMBEDDING_GENERATED | metadata={"dim": 512, "fallback": true}
2026-10-02 23:08:05,550 | INFO | EVENT=RECOGNIZED | face_id=VIS-00001 | confidence=0.96
2026-10-02 23:08:05,559 | INFO | EVENT=TRACKING | track_id=4 | confidence=0.91 | metadata={"bbox": [6, 197, 94, 285]}
2026-10-02 23:08:05,581 | INFO | EVENT=EMBEDDING_GENERATED | metadata={"dim": 512, "fallback": true}
2026-10-02 23:08:05,581 | INFO | EVENT=RECOGNIZED | face_id=VIS-00001 | confidence=0.96
2026-10-02 23:08:05,590 | INFO | EVENT=EXIT | face_id=VIS-00001 | track_id=2 | confidence=0.62 | metadata={"image_path": "logs/exits\\2026-10-02\\VIS-00001_2026-10-02_173805.jpg", "frame": 216}
2026-10-02 23:08:05,712 | INFO | EVENT=FACE_DETECTED | confidence=0.91 | metadata={"frame": 217, "bbox": [27, 198, 113, 284]}
2026-10-02 23:08:05,713 | INFO | EVENT=TRACKING | track_id=4 | confidence=0.91 | metadata={"bbox": [27, 198, 113, 284]}
2026-10-02 23:08:05,733 | INFO | EVENT=EMBEDDING_GENERATED | metadata={"dim": 512, "fallback": true}
2026-10-02 23:08:05,734 | INFO | EVENT=RECOGNIZED | face_id=VIS-00001 | confidence=0.97
2026-10-02 23:08:05,741 | INFO | EVENT=TRACKING | track_id=4 | confidence=0.91 | metadata={"bbox": [27, 198, 113, 284]}
2026-10-02 23:08:05,761 | INFO | EVENT=EMBEDDING_GENERATED | metadata={"dim": 512, "fallback": true}
2026-10-02 23:08:05,761 | INFO | EVENT=RECOGNIZED | face_id=VIS-00001 | confidence=0.98
2026-10-02 23:08:05,768 | INFO | EVENT=TRACKING | track_id=4 | confidence=0.91 | metadata={"bbox": [27, 198, 113, 284]}
2026-10-02 23:08:05,788 | INFO | EVENT=EMBEDDING_GENERATED | metadata={"dim": 512, "fallback": true}
2026-10-02 23:08:05,788 | INFO | EVENT=RECOGNIZED | face_id=VIS-00001 | confidence=0.98
2026-10-02 23:08:05,794 | INFO | EVENT=TRACKING | track_id=4 | confidence=0.91 | metadata={"bbox": [27, 198, 113, 284]}
2026-10-02 23:08:05,814 | INFO | EVENT=EMBEDDING_GENERATED | metadata={"dim": 512, "fallback": true}
2026-10-02 23:08:05,814 | INFO | EVENT=RECOGNIZED | face_id=VIS-00001 | confidence=0.97
2026-10-02 23:08:05,821 | INFO | EVENT=TRACKING | track_id=4 | confidence=0.91 | metadata={"bbox": [27, 198, 113, 284]}
2026-10-02 23:08:05,841 | INFO | EVENT=EMBEDDING_GENERATED | metadata={"dim": 512, "fallback": true}
2026-10-02 23:08:05,841 | INFO | EVENT=RECOGNIZED | face_id=VIS-00001 | confidence=0.97
2026-10-02 23:08:05,848 | INFO | EVENT=TRACKING | track_id=4 | confidence=0.91 | metadata={"bbox": [27, 198, 113, 284]}
2026-10-02 23:08:05,868 | INFO | EVENT=EMBEDDING_GENERATED | metadata={"dim": 512, "fallback": true}
2026-10-02 23:08:05,868 | INFO | EVENT=RECOGNIZED | face_id=VIS-00001 | confidence=0.97
2026-10-02 23:08:05,979 | INFO | EVENT=FACE_DETECTED | confidence=0.91 | metadata={"frame": 223, "bbox": [48, 196, 134, 282]}
2026-10-02 23:08:05,981 | INFO | EVENT=TRACKING | track_id=4 | confidence=0.91 | metadata={"bbox": [48, 196, 134, 282]}
2026-10-02 23:08:06,001 | INFO | EVENT=EMBEDDING_GENERATED | metadata={"dim": 512, "fallback": true}
2026-10-02 23:08:06,001 | INFO | EVENT=RECOGNIZED | face_id=VIS-00001 | confidence=0.97
2026-10-02 23:08:06,008 | INFO | EVENT=TRACKING | track_id=4 | confidence=0.91 | metadata={"bbox": [48, 196, 134, 282]}
2026-10-02 23:08:06,027 | INFO | EVENT=EMBEDDING_GENERATED | metadata={"dim": 512, "fallback": true}
2026-10-02 23:08:06,028 | INFO | EVENT=RECOGNIZED | face_id=VIS-00001 | confidence=0.97
2026-10-02 23:08:06,034 | INFO | EVENT=TRACKING | track_id=4 | confidence=0.91 | metadata={"bbox": [48, 196, 134, 282]}
2026-10-02 23:08:06,053 | INFO | EVENT=EMBEDDING_GENERATED | metadata={"dim": 512, "fallback": true}
2026-10-02 23:08:06,053 | INFO | EVENT=RECOGNIZED | face_id=VIS-00001 | confidence=0.97
2026-10-02 23:08:06,059 | INFO | EVENT=TRACKING | track_id=4 | confidence=0.91 | metadata={"bbox": [48, 196, 134, 282]}
2026-10-02 23:08:06,079 | INFO | EVENT=EMBEDDING_GENERATED | metadata={"dim": 512, "fallback": true}
2026-10-02 23:08:06,079 | INFO | EVENT=RECOGNIZED | face_id=VIS-00001 | confidence=0.97
2026-10-02 23:08:06,085 | INFO | EVENT=TRACKING | track_id=4 | confidence=0.91 | metadata={"bbox": [48, 196, 134, 282]}
2026-10-02 23:08:06,107 | INFO | EVENT=EMBEDDING_GENERATED | metadata={"dim": 512, "fallback": true}
2026-10-02 23:08:06,107 | INFO | EVENT=RECOGNIZED | face_id=VIS-00001 | confidence=0.96
2026-10-02 23:08:06,115 | INFO | EVENT=TRACKING | track_id=4 | confidence=0.91 | metadata={"bbox": [48, 196, 134, 282]}
2026-10-02 23:08:06,136 | INFO | EVENT=EMBEDDING_GENERATED | metadata={"dim": 512, "fallback": true}
2026-10-02 23:08:06,136 | INFO | EVENT=RECOGNIZED | face_id=VIS-00001 | confidence=0.97
2026-10-02 23:08:06,246 | INFO | EVENT=FACE_DETECTED | confidence=0.91 | metadata={"frame": 229, "bbox": [66, 197, 154, 285]}
2026-10-02 23:08:06,248 | INFO | EVENT=TRACKING | track_id=4 | confidence=0.91 | metadata={"bbox": [66, 197, 154, 285]}
2026-10-02 23:08:06,267 | INFO | EVENT=EMBEDDING_GENERATED | metadata={"dim": 512, "fallback": true}
2026-10-02 23:08:06,267 | INFO | EVENT=RECOGNIZED | face_id=VIS-00001 | confidence=0.97
2026-10-02 23:08:06,275 | INFO | EVENT=TRACKING | track_id=4 | confidence=0.91 | metadata={"bbox": [66, 197, 154, 285]}
2026-10-02 23:08:06,295 | INFO | EVENT=EMBEDDING_GENERATED | metadata={"dim": 512, "fallback": true}
2026-10-02 23:08:06,296 | INFO | EVENT=RECOGNIZED | face_id=VIS-00001 | confidence=0.97
2026-10-02 23:08:06,302 | INFO | EVENT=TRACKING | track_id=4 | confidence=0.91 | metadata={"bbox": [66, 197, 154, 285]}
2026-10-02 23:08:06,323 | INFO | EVENT=EMBEDDING_GENERATED | metadata={"dim": 512, "fallback": true}
2026-10-02 23:08:06,323 | INFO | EVENT=RECOGNIZED | face_id=VIS-00001 | confidence=0.97
2026-10-02 23:08:06,329 | INFO | EVENT=TRACKING | track_id=4 | confidence=0.91 | metadata={"bbox": [66, 197, 154, 285]}
2026-10-02 23:08:06,348 | INFO | EVENT=EMBEDDING_GENERATED | metadata={"dim": 512, "fallback": true}
2026-10-02 23:08:06,348 | INFO | EVENT=RECOGNIZED | face_id=VIS-00001 | confidence=0.96
2026-10-02 23:08:06,355 | INFO | EVENT=TRACKING | track_id=4 | confidence=0.91 | metadata={"bbox": [66, 197, 154, 285]}
2026-10-02 23:08:06,375 | INFO | EVENT=EMBEDDING_GENERATED | metadata={"dim": 512, "fallback": true}
2026-10-02 23:08:06,375 | INFO | EVENT=RECOGNIZED | face_id=VIS-00001 | confidence=0.95
2026-10-02 23:08:06,382 | INFO | EVENT=TRACKING | track_id=4 | confidence=0.91 | metadata={"bbox": [66, 197, 154, 285]}
2026-10-02 23:08:06,408 | INFO | EVENT=EMBEDDING_GENERATED | metadata={"dim": 512, "fallback": true}
2026-10-02 23:08:06,408 | INFO | EVENT=RECOGNIZED | face_id=VIS-00001 | confidence=0.94
2026-10-02 23:08:06,525 | INFO | EVENT=FACE_DETECTED | confidence=0.91 | metadata={"frame": 235, "bbox": [86, 197, 174, 285]}
2026-10-02 23:08:06,527 | INFO | EVENT=TRACKING | track_id=4 | confidence=0.91 | metadata={"bbox": [86, 197, 174, 285]}
2026-10-02 23:08:06,546 | INFO | EVENT=EMBEDDING_GENERATED | metadata={"dim": 512, "fallback": true}
2026-10-02 23:08:06,546 | INFO | EVENT=RECOGNIZED | face_id=VIS-00001 | confidence=0.97
2026-10-02 23:08:06,554 | INFO | EVENT=TRACKING | track_id=4 | confidence=0.91 | metadata={"bbox": [86, 197, 174, 285]}
2026-10-02 23:08:06,572 | INFO | EVENT=EMBEDDING_GENERATED | metadata={"dim": 512, "fallback": true}
2026-10-02 23:08:06,573 | INFO | EVENT=RECOGNIZED | face_id=VIS-00001 | confidence=0.97
2026-10-02 23:08:06,579 | INFO | EVENT=TRACKING | track_id=4 | confidence=0.91 | metadata={"bbox": [86, 197, 174, 285]}
2026-10-02 23:08:06,598 | INFO | EVENT=EMBEDDING_GENERATED | metadata={"dim": 512, "fallback": true}
2026-10-02 23:08:06,598 | INFO | EVENT=RECOGNIZED | face_id=VIS-00001 | confidence=0.98
2026-10-02 23:08:06,605 | INFO | EVENT=TRACKING | track_id=4 | confidence=0.91 | metadata={"bbox": [86, 197, 174, 285]}
2026-10-02 23:08:06,625 | INFO | EVENT=EMBEDDING_GENERATED | metadata={"dim": 512, "fallback": true}
2026-10-02 23:08:06,625 | INFO | EVENT=RECOGNIZED | face_id=VIS-00001 | confidence=0.98
2026-10-02 23:08:06,631 | INFO | EVENT=TRACKING | track_id=4 | confidence=0.91 | metadata={"bbox": [86, 197, 174, 285]}
2026-10-02 23:08:06,651 | INFO | EVENT=EMBEDDING_GENERATED | metadata={"dim": 512, "fallback": true}
2026-10-02 23:08:06,651 | INFO | EVENT=RECOGNIZED | face_id=VIS-00001 | confidence=0.97
2026-10-02 23:08:06,658 | INFO | EVENT=TRACKING | track_id=4 | confidence=0.91 | metadata={"bbox": [86, 197, 174, 285]}
2026-10-02 23:08:06,678 | INFO | EVENT=EMBEDDING_GENERATED | metadata={"dim": 512, "fallback": true}
2026-10-02 23:08:06,679 | INFO | EVENT=RECOGNIZED | face_id=VIS-00001 | confidence=0.97
2026-10-02 23:08:06,797 | INFO | EVENT=FACE_DETECTED | confidence=0.91 | metadata={"frame": 241, "bbox": [108, 198, 194, 284]}
2026-10-02 23:08:06,799 | INFO | EVENT=TRACKING | track_id=4 | confidence=0.91 | metadata={"bbox": [108, 198, 194, 284]}
2026-10-02 23:08:06,819 | INFO | EVENT=EMBEDDING_GENERATED | metadata={"dim": 512, "fallback": true}
2026-10-02 23:08:06,819 | INFO | EVENT=RECOGNIZED | face_id=VIS-00001 | confidence=0.97
2026-10-02 23:08:06,826 | INFO | EVENT=TRACKING | track_id=4 | confidence=0.91 | metadata={"bbox": [108, 198, 194, 284]}
2026-10-02 23:08:06,845 | INFO | EVENT=EMBEDDING_GENERATED | metadata={"dim": 512, "fallback": true}
2026-10-02 23:08:06,846 | INFO | EVENT=RECOGNIZED | face_id=VIS-00001 | confidence=0.98
2026-10-02 23:08:06,853 | INFO | EVENT=TRACKING | track_id=4 | confidence=0.91 | metadata={"bbox": [108, 198, 194, 284]}
2026-10-02 23:08:06,872 | INFO | EVENT=EMBEDDING_GENERATED | metadata={"dim": 512, "fallback": true}
2026-10-02 23:08:06,872 | INFO | EVENT=RECOGNIZED | face_id=VIS-00001 | confidence=0.98
2026-10-02 23:08:06,878 | INFO | EVENT=TRACKING | track_id=4 | confidence=0.91 | metadata={"bbox": [108, 198, 194, 284]}
2026-10-02 23:08:06,899 | INFO | EVENT=EMBEDDING_GENERATED | metadata={"dim": 512, "fallback": true}
2026-10-02 23:08:06,899 | INFO | EVENT=RECOGNIZED | face_id=VIS-00001 | confidence=0.98
2026-10-02 23:08:06,906 | INFO | EVENT=TRACKING | track_id=4 | confidence=0.91 | metadata={"bbox": [108, 198, 194, 284]}
2026-10-02 23:08:06,925 | INFO | EVENT=EMBEDDING_GENERATED | metadata={"dim": 512, "fallback": true}
2026-10-02 23:08:06,926 | INFO | EVENT=RECOGNIZED | face_id=VIS-00001 | confidence=0.97
2026-10-02 23:08:06,932 | INFO | EVENT=TRACKING | track_id=4 | confidence=0.91 | metadata={"bbox": [108, 198, 194, 284]}
2026-10-02 23:08:06,952 | INFO | EVENT=EMBEDDING_GENERATED | metadata={"dim": 512, "fallback": true}
2026-10-02 23:08:06,953 | INFO | EVENT=RECOGNIZED | face_id=VIS-00001 | confidence=0.97
2026-10-02 23:08:07,064 | INFO | EVENT=FACE_DETECTED | confidence=0.91 | metadata={"frame": 247, "bbox": [127, 198, 213, 284]}
2026-10-02 23:08:07,067 | INFO | EVENT=TRACKING | track_id=4 | confidence=0.91 | metadata={"bbox": [127, 198, 213, 284]}
2026-10-02 23:08:07,086 | INFO | EVENT=EMBEDDING_GENERATED | metadata={"dim": 512, "fallback": true}
2026-10-02 23:08:07,086 | INFO | EVENT=RECOGNIZED | face_id=VIS-00001 | confidence=0.97
2026-10-02 23:08:07,093 | INFO | EVENT=TRACKING | track_id=4 | confidence=0.91 | metadata={"bbox": [127, 198, 213, 284]}
2026-10-02 23:08:07,112 | INFO | EVENT=EMBEDDING_GENERATED | metadata={"dim": 512, "fallback": true}
2026-10-02 23:08:07,112 | INFO | EVENT=RECOGNIZED | face_id=VIS-00001 | confidence=0.98
2026-10-02 23:08:07,120 | INFO | EVENT=TRACKING | track_id=4 | confidence=0.91 | metadata={"bbox": [127, 198, 213, 284]}
2026-10-02 23:08:07,139 | INFO | EVENT=EMBEDDING_GENERATED | metadata={"dim": 512, "fallback": true}
2026-10-02 23:08:07,139 | INFO | EVENT=RECOGNIZED | face_id=VIS-00001 | confidence=0.98
2026-10-02 23:08:07,146 | INFO | EVENT=TRACKING | track_id=4 | confidence=0.91 | metadata={"bbox": [127, 198, 213, 284]}
2026-10-02 23:08:07,170 | INFO | EVENT=EMBEDDING_GENERATED | metadata={"dim": 512, "fallback": true}
2026-10-02 23:08:07,170 | INFO | EVENT=RECOGNIZED | face_id=VIS-00001 | confidence=0.97
2026-10-02 23:08:07,176 | INFO | EVENT=TRACKING | track_id=4 | confidence=0.91 | metadata={"bbox": [127, 198, 213, 284]}
2026-10-02 23:08:07,196 | INFO | EVENT=EMBEDDING_GENERATED | metadata={"dim": 512, "fallback": true}
2026-10-02 23:08:07,197 | INFO | EVENT=RECOGNIZED | face_id=VIS-00001 | confidence=0.96
2026-10-02 23:08:07,204 | INFO | EVENT=TRACKING | track_id=4 | confidence=0.91 | metadata={"bbox": [127, 198, 213, 284]}
2026-10-02 23:08:07,222 | INFO | EVENT=EMBEDDING_GENERATED | metadata={"dim": 512, "fallback": true}
2026-10-02 23:08:07,223 | INFO | EVENT=RECOGNIZED | face_id=VIS-00001 | confidence=0.97
2026-10-02 23:08:07,334 | INFO | EVENT=FACE_DETECTED | confidence=0.91 | metadata={"frame": 253, "bbox": [147, 198, 233, 284]}
2026-10-02 23:08:07,336 | INFO | EVENT=TRACKING | track_id=4 | confidence=0.91 | metadata={"bbox": [147, 198, 233, 284]}
2026-10-02 23:08:07,354 | INFO | EVENT=EMBEDDING_GENERATED | metadata={"dim": 512, "fallback": true}
2026-10-02 23:08:07,354 | INFO | EVENT=RECOGNIZED | face_id=VIS-00001 | confidence=0.97
2026-10-02 23:08:07,361 | INFO | EVENT=TRACKING | track_id=4 | confidence=0.91 | metadata={"bbox": [147, 198, 233, 284]}
2026-10-02 23:08:07,381 | INFO | EVENT=EMBEDDING_GENERATED | metadata={"dim": 512, "fallback": true}
2026-10-02 23:08:07,381 | INFO | EVENT=RECOGNIZED | face_id=VIS-00001 | confidence=0.97
2026-10-02 23:08:07,388 | INFO | EVENT=TRACKING | track_id=4 | confidence=0.91 | metadata={"bbox": [147, 198, 233, 284]}
2026-10-02 23:08:07,407 | INFO | EVENT=EMBEDDING_GENERATED | metadata={"dim": 512, "fallback": true}
2026-10-02 23:08:07,407 | INFO | EVENT=RECOGNIZED | face_id=VIS-00001 | confidence=0.97
2026-10-02 23:08:07,414 | INFO | EVENT=TRACKING | track_id=4 | confidence=0.91 | metadata={"bbox": [147, 198, 233, 284]}
2026-10-02 23:08:07,434 | INFO | EVENT=EMBEDDING_GENERATED | metadata={"dim": 512, "fallback": true}
2026-10-02 23:08:07,434 | INFO | EVENT=RECOGNIZED | face_id=VIS-00001 | confidence=0.97
2026-10-02 23:08:07,440 | INFO | EVENT=TRACKING | track_id=4 | confidence=0.91 | metadata={"bbox": [147, 198, 233, 284]}
2026-10-02 23:08:07,459 | INFO | EVENT=EMBEDDING_GENERATED | metadata={"dim": 512, "fallback": true}
2026-10-02 23:08:07,460 | INFO | EVENT=RECOGNIZED | face_id=VIS-00001 | confidence=0.96
2026-10-02 23:08:07,466 | INFO | EVENT=TRACKING | track_id=4 | confidence=0.91 | metadata={"bbox": [147, 198, 233, 284]}
2026-10-02 23:08:07,486 | INFO | EVENT=EMBEDDING_GENERATED | metadata={"dim": 512, "fallback": true}
2026-10-02 23:08:07,487 | INFO | EVENT=RECOGNIZED | face_id=VIS-00001 | confidence=0.95
2026-10-02 23:08:07,597 | INFO | EVENT=FACE_DETECTED | confidence=0.91 | metadata={"frame": 259, "bbox": [167, 197, 255, 285]}
2026-10-02 23:08:07,599 | INFO | EVENT=TRACKING | track_id=4 | confidence=0.91 | metadata={"bbox": [167, 197, 255, 285]}
2026-10-02 23:08:07,618 | INFO | EVENT=EMBEDDING_GENERATED | metadata={"dim": 512, "fallback": true}
2026-10-02 23:08:07,619 | INFO | EVENT=RECOGNIZED | face_id=VIS-00001 | confidence=0.97
2026-10-02 23:08:07,626 | INFO | EVENT=TRACKING | track_id=4 | confidence=0.91 | metadata={"bbox": [167, 197, 255, 285]}
2026-10-02 23:08:07,645 | INFO | EVENT=EMBEDDING_GENERATED | metadata={"dim": 512, "fallback": true}
2026-10-02 23:08:07,646 | INFO | EVENT=RECOGNIZED | face_id=VIS-00001 | confidence=0.97
2026-10-02 23:08:07,653 | INFO | EVENT=TRACKING | track_id=4 | confidence=0.91 | metadata={"bbox": [167, 197, 255, 285]}
2026-10-02 23:08:07,673 | INFO | EVENT=EMBEDDING_GENERATED | metadata={"dim": 512, "fallback": true}
2026-10-02 23:08:07,674 | INFO | EVENT=RECOGNIZED | face_id=VIS-00001 | confidence=0.98
2026-10-02 23:08:07,679 | INFO | EVENT=TRACKING | track_id=4 | confidence=0.91 | metadata={"bbox": [167, 197, 255, 285]}
2026-10-02 23:08:07,700 | INFO | EVENT=EMBEDDING_GENERATED | metadata={"dim": 512, "fallback": true}
2026-10-02 23:08:07,701 | INFO | EVENT=RECOGNIZED | face_id=VIS-00001 | confidence=0.98
2026-10-02 23:08:07,706 | INFO | EVENT=TRACKING | track_id=4 | confidence=0.91 | metadata={"bbox": [167, 197, 255, 285]}
2026-10-02 23:08:07,728 | INFO | EVENT=EMBEDDING_GENERATED | metadata={"dim": 512, "fallback": true}
2026-10-02 23:08:07,728 | INFO | EVENT=RECOGNIZED | face_id=VIS-00001 | confidence=0.97
2026-10-02 23:08:07,735 | INFO | EVENT=TRACKING | track_id=4 | confidence=0.91 | metadata={"bbox": [167, 197, 255, 285]}
2026-10-02 23:08:07,754 | INFO | EVENT=EMBEDDING_GENERATED | metadata={"dim": 512, "fallback": true}
2026-10-02 23:08:07,754 | INFO | EVENT=RECOGNIZED | face_id=VIS-00001 | confidence=0.97
2026-10-02 23:08:07,865 | INFO | EVENT=FACE_DETECTED | confidence=0.91 | metadata={"frame": 265, "bbox": [186, 197, 274, 285]}
2026-10-02 23:08:07,867 | INFO | EVENT=TRACKING | track_id=4 | confidence=0.91 | metadata={"bbox": [186, 197, 274, 285]}
2026-10-02 23:08:07,886 | INFO | EVENT=EMBEDDING_GENERATED | metadata={"dim": 512, "fallback": true}
2026-10-02 23:08:07,887 | INFO | EVENT=RECOGNIZED | face_id=VIS-00001 | confidence=0.97
2026-10-02 23:08:07,894 | INFO | EVENT=TRACKING | track_id=4 | confidence=0.91 | metadata={"bbox": [186, 197, 274, 285]}
2026-10-02 23:08:07,913 | INFO | EVENT=EMBEDDING_GENERATED | metadata={"dim": 512, "fallback": true}
2026-10-02 23:08:07,913 | INFO | EVENT=RECOGNIZED | face_id=VIS-00001 | confidence=0.98
2026-10-02 23:08:07,920 | INFO | EVENT=TRACKING | track_id=4 | confidence=0.91 | metadata={"bbox": [186, 197, 274, 285]}
2026-10-02 23:08:07,939 | INFO | EVENT=EMBEDDING_GENERATED | metadata={"dim": 512, "fallback": true}
2026-10-02 23:08:07,940 | INFO | EVENT=RECOGNIZED | face_id=VIS-00001 | confidence=0.98
2026-10-02 23:08:07,946 | INFO | EVENT=TRACKING | track_id=4 | confidence=0.91 | metadata={"bbox": [186, 197, 274, 285]}
2026-10-02 23:08:07,966 | INFO | EVENT=EMBEDDING_GENERATED | metadata={"dim": 512, "fallback": true}
2026-10-02 23:08:07,967 | INFO | EVENT=RECOGNIZED | face_id=VIS-00001 | confidence=0.97
2026-10-02 23:08:07,973 | INFO | EVENT=TRACKING | track_id=4 | confidence=0.91 | metadata={"bbox": [186, 197, 274, 285]}
2026-10-02 23:08:07,992 | INFO | EVENT=EMBEDDING_GENERATED | metadata={"dim": 512, "fallback": true}
2026-10-02 23:08:07,992 | INFO | EVENT=RECOGNIZED | face_id=VIS-00001 | confidence=0.96
2026-10-02 23:08:07,999 | INFO | EVENT=TRACKING | track_id=4 | confidence=0.91 | metadata={"bbox": [186, 197, 274, 285]}
2026-10-02 23:08:08,019 | INFO | EVENT=EMBEDDING_GENERATED | metadata={"dim": 512, "fallback": true}
2026-10-02 23:08:08,019 | INFO | EVENT=RECOGNIZED | face_id=VIS-00001 | confidence=0.96
2026-10-02 23:08:08,136 | INFO | EVENT=FACE_DETECTED | confidence=0.91 | metadata={"frame": 271, "bbox": [206, 195, 294, 283]}
2026-10-02 23:08:08,138 | INFO | EVENT=TRACKING | track_id=4 | confidence=0.91 | metadata={"bbox": [206, 195, 294, 283]}
2026-10-02 23:08:08,157 | INFO | EVENT=EMBEDDING_GENERATED | metadata={"dim": 512, "fallback": true}
2026-10-02 23:08:08,157 | INFO | EVENT=RECOGNIZED | face_id=VIS-00001 | confidence=0.97
2026-10-02 23:08:08,163 | INFO | EVENT=TRACKING | track_id=4 | confidence=0.91 | metadata={"bbox": [206, 195, 294, 283]}
2026-10-02 23:08:08,183 | INFO | EVENT=EMBEDDING_GENERATED | metadata={"dim": 512, "fallback": true}
2026-10-02 23:08:08,183 | INFO | EVENT=RECOGNIZED | face_id=VIS-00001 | confidence=0.97
2026-10-02 23:08:08,190 | INFO | EVENT=TRACKING | track_id=4 | confidence=0.91 | metadata={"bbox": [206, 195, 294, 283]}
2026-10-02 23:08:08,212 | INFO | EVENT=EMBEDDING_GENERATED | metadata={"dim": 512, "fallback": true}
2026-10-02 23:08:08,212 | INFO | EVENT=RECOGNIZED | face_id=VIS-00001 | confidence=0.98
2026-10-02 23:08:08,220 | INFO | EVENT=TRACKING | track_id=4 | confidence=0.91 | metadata={"bbox": [206, 195, 294, 283]}
2026-10-02 23:08:08,238 | INFO | EVENT=EMBEDDING_GENERATED | metadata={"dim": 512, "fallback": true}
2026-10-02 23:08:08,239 | INFO | EVENT=RECOGNIZED | face_id=VIS-00001 | confidence=0.97
2026-10-02 23:08:08,245 | INFO | EVENT=TRACKING | track_id=4 | confidence=0.91 | metadata={"bbox": [206, 195, 294, 283]}
2026-10-02 23:08:08,264 | INFO | EVENT=EMBEDDING_GENERATED | metadata={"dim": 512, "fallback": true}
2026-10-02 23:08:08,264 | INFO | EVENT=RECOGNIZED | face_id=VIS-00001 | confidence=0.96
2026-10-02 23:08:08,272 | INFO | EVENT=TRACKING | track_id=4 | confidence=0.91 | metadata={"bbox": [206, 195, 294, 283]}
2026-10-02 23:08:08,290 | INFO | EVENT=EMBEDDING_GENERATED | metadata={"dim": 512, "fallback": true}
2026-10-02 23:08:08,290 | INFO | EVENT=RECOGNIZED | face_id=VIS-00001 | confidence=0.96
2026-10-02 23:08:08,405 | INFO | EVENT=FACE_DETECTED | confidence=0.91 | metadata={"frame": 277, "bbox": [228, 198, 314, 284]}
2026-10-02 23:08:08,407 | INFO | EVENT=TRACKING | track_id=4 | confidence=0.91 | metadata={"bbox": [228, 198, 314, 284]}
2026-10-02 23:08:08,427 | INFO | EVENT=EMBEDDING_GENERATED | metadata={"dim": 512, "fallback": true}
2026-10-02 23:08:08,427 | INFO | EVENT=RECOGNIZED | face_id=VIS-00001 | confidence=0.97
2026-10-02 23:08:08,435 | INFO | EVENT=TRACKING | track_id=4 | confidence=0.91 | metadata={"bbox": [228, 198, 314, 284]}
2026-10-02 23:08:08,455 | INFO | EVENT=EMBEDDING_GENERATED | metadata={"dim": 512, "fallback": true}
2026-10-02 23:08:08,455 | INFO | EVENT=RECOGNIZED | face_id=VIS-00001 | confidence=0.97
2026-10-02 23:08:08,461 | INFO | EVENT=TRACKING | track_id=4 | confidence=0.91 | metadata={"bbox": [228, 198, 314, 284]}
2026-10-02 23:08:08,481 | INFO | EVENT=EMBEDDING_GENERATED | metadata={"dim": 512, "fallback": true}
2026-10-02 23:08:08,482 | INFO | EVENT=RECOGNIZED | face_id=VIS-00001 | confidence=0.97
2026-10-02 23:08:08,489 | INFO | EVENT=TRACKING | track_id=4 | confidence=0.91 | metadata={"bbox": [228, 198, 314, 284]}
2026-10-02 23:08:08,509 | INFO | EVENT=EMBEDDING_GENERATED | metadata={"dim": 512, "fallback": true}
2026-10-02 23:08:08,509 | INFO | EVENT=RECOGNIZED | face_id=VIS-00001 | confidence=0.97
2026-10-02 23:08:08,515 | INFO | EVENT=TRACKING | track_id=4 | confidence=0.91 | metadata={"bbox": [228, 198, 314, 284]}
2026-10-02 23:08:08,536 | INFO | EVENT=EMBEDDING_GENERATED | metadata={"dim": 512, "fallback": true}
2026-10-02 23:08:08,536 | INFO | EVENT=RECOGNIZED | face_id=VIS-00001 | confidence=0.96
2026-10-02 23:08:08,542 | INFO | EVENT=TRACKING | track_id=4 | confidence=0.91 | metadata={"bbox": [228, 198, 314, 284]}
2026-10-02 23:08:08,561 | INFO | EVENT=EMBEDDING_GENERATED | metadata={"dim": 512, "fallback": true}
2026-10-02 23:08:08,562 | INFO | EVENT=RECOGNIZED | face_id=VIS-00001 | confidence=0.96
2026-10-02 23:08:08,675 | INFO | EVENT=FACE_DETECTED | confidence=0.91 | metadata={"frame": 283, "bbox": [247, 197, 335, 285]}
2026-10-02 23:08:08,677 | INFO | EVENT=TRACKING | track_id=4 | confidence=0.91 | metadata={"bbox": [247, 197, 335, 285]}
2026-10-02 23:08:08,696 | INFO | EVENT=EMBEDDING_GENERATED | metadata={"dim": 512, "fallback": true}
2026-10-02 23:08:08,697 | INFO | EVENT=RECOGNIZED | face_id=VIS-00001 | confidence=0.97
2026-10-02 23:08:08,703 | INFO | EVENT=TRACKING | track_id=4 | confidence=0.91 | metadata={"bbox": [247, 197, 335, 285]}
2026-10-02 23:08:08,722 | INFO | EVENT=EMBEDDING_GENERATED | metadata={"dim": 512, "fallback": true}
2026-10-02 23:08:08,723 | INFO | EVENT=RECOGNIZED | face_id=VIS-00001 | confidence=0.97
2026-10-02 23:08:08,728 | INFO | EVENT=TRACKING | track_id=4 | confidence=0.91 | metadata={"bbox": [247, 197, 335, 285]}
2026-10-02 23:08:08,748 | INFO | EVENT=EMBEDDING_GENERATED | metadata={"dim": 512, "fallback": true}
2026-10-02 23:08:08,748 | INFO | EVENT=RECOGNIZED | face_id=VIS-00001 | confidence=0.98
2026-10-02 23:08:08,755 | INFO | EVENT=TRACKING | track_id=4 | confidence=0.91 | metadata={"bbox": [247, 197, 335, 285]}
2026-10-02 23:08:08,775 | INFO | EVENT=EMBEDDING_GENERATED | metadata={"dim": 512, "fallback": true}
2026-10-02 23:08:08,776 | INFO | EVENT=RECOGNIZED | face_id=VIS-00001 | confidence=0.98
2026-10-02 23:08:08,782 | INFO | EVENT=TRACKING | track_id=4 | confidence=0.91 | metadata={"bbox": [247, 197, 335, 285]}
2026-10-02 23:08:08,807 | INFO | EVENT=EMBEDDING_GENERATED | metadata={"dim": 512, "fallback": true}
2026-10-02 23:08:08,808 | INFO | EVENT=RECOGNIZED | face_id=VIS-00001 | confidence=0.97
2026-10-02 23:08:08,814 | INFO | EVENT=TRACKING | track_id=4 | confidence=0.91 | metadata={"bbox": [247, 197, 335, 285]}
2026-10-02 23:08:08,835 | INFO | EVENT=EMBEDDING_GENERATED | metadata={"dim": 512, "fallback": true}
2026-10-02 23:08:08,835 | INFO | EVENT=RECOGNIZED | face_id=VIS-00001 | confidence=0.97
2026-10-02 23:08:09,027 | INFO | EVENT=FACE_DETECTED | confidence=0.91 | metadata={"frame": 289, "bbox": [267, 198, 353, 284]}
2026-10-02 23:08:09,029 | INFO | EVENT=TRACKING | track_id=4 | confidence=0.91 | metadata={"bbox": [267, 198, 353, 284]}
2026-10-02 23:08:09,054 | INFO | EVENT=EMBEDDING_GENERATED | metadata={"dim": 512, "fallback": true}
2026-10-02 23:08:09,054 | INFO | EVENT=RECOGNIZED | face_id=VIS-00001 | confidence=0.97
2026-10-02 23:08:09,061 | INFO | EVENT=TRACKING | track_id=4 | confidence=0.91 | metadata={"bbox": [267, 198, 353, 284]}
2026-10-02 23:08:09,084 | INFO | EVENT=EMBEDDING_GENERATED | metadata={"dim": 512, "fallback": true}
2026-10-02 23:08:09,084 | INFO | EVENT=RECOGNIZED | face_id=VIS-00001 | confidence=0.98
2026-10-02 23:08:09,091 | INFO | EVENT=TRACKING | track_id=4 | confidence=0.91 | metadata={"bbox": [267, 198, 353, 284]}
2026-10-02 23:08:09,113 | INFO | EVENT=EMBEDDING_GENERATED | metadata={"dim": 512, "fallback": true}
2026-10-02 23:08:09,113 | INFO | EVENT=RECOGNIZED | face_id=VIS-00001 | confidence=0.98
2026-10-02 23:08:09,119 | INFO | EVENT=TRACKING | track_id=4 | confidence=0.91 | metadata={"bbox": [267, 198, 353, 284]}
2026-10-02 23:08:09,141 | INFO | EVENT=EMBEDDING_GENERATED | metadata={"dim": 512, "fallback": true}
2026-10-02 23:08:09,141 | INFO | EVENT=RECOGNIZED | face_id=VIS-00001 | confidence=0.97
2026-10-02 23:08:09,148 | INFO | EVENT=TRACKING | track_id=4 | confidence=0.91 | metadata={"bbox": [267, 198, 353, 284]}
2026-10-02 23:08:09,168 | INFO | EVENT=EMBEDDING_GENERATED | metadata={"dim": 512, "fallback": true}
2026-10-02 23:08:09,168 | INFO | EVENT=RECOGNIZED | face_id=VIS-00001 | confidence=0.97
2026-10-02 23:08:09,175 | INFO | EVENT=TRACKING | track_id=4 | confidence=0.91 | metadata={"bbox": [267, 198, 353, 284]}
2026-10-02 23:08:09,195 | INFO | EVENT=EMBEDDING_GENERATED | metadata={"dim": 512, "fallback": true}
2026-10-02 23:08:09,195 | INFO | EVENT=RECOGNIZED | face_id=VIS-00001 | confidence=0.97
2026-10-02 23:08:09,311 | INFO | EVENT=FACE_DETECTED | confidence=0.91 | metadata={"frame": 295, "bbox": [288, 196, 374, 282]}
2026-10-02 23:08:09,313 | INFO | EVENT=TRACKING | track_id=4 | confidence=0.91 | metadata={"bbox": [288, 196, 374, 282]}
2026-10-02 23:08:09,331 | INFO | EVENT=EMBEDDING_GENERATED | metadata={"dim": 512, "fallback": true}
2026-10-02 23:08:09,332 | INFO | EVENT=RECOGNIZED | face_id=VIS-00001 | confidence=0.97
2026-10-02 23:08:09,339 | INFO | EVENT=TRACKING | track_id=4 | confidence=0.91 | metadata={"bbox": [288, 196, 374, 282]}
2026-10-02 23:08:09,362 | INFO | EVENT=EMBEDDING_GENERATED | metadata={"dim": 512, "fallback": true}
2026-10-02 23:08:09,362 | INFO | EVENT=RECOGNIZED | face_id=VIS-00001 | confidence=0.97
2026-10-02 23:08:09,369 | INFO | EVENT=TRACKING | track_id=4 | confidence=0.91 | metadata={"bbox": [288, 196, 374, 282]}
2026-10-02 23:08:09,389 | INFO | EVENT=EMBEDDING_GENERATED | metadata={"dim": 512, "fallback": true}
2026-10-02 23:08:09,389 | INFO | EVENT=RECOGNIZED | face_id=VIS-00001 | confidence=0.97
2026-10-02 23:08:09,395 | INFO | EVENT=TRACKING | track_id=4 | confidence=0.91 | metadata={"bbox": [288, 196, 374, 282]}
2026-10-02 23:08:09,415 | INFO | EVENT=EMBEDDING_GENERATED | metadata={"dim": 512, "fallback": true}
2026-10-02 23:08:09,415 | INFO | EVENT=RECOGNIZED | face_id=VIS-00001 | confidence=0.97
2026-10-02 23:08:09,422 | INFO | EVENT=TRACKING | track_id=4 | confidence=0.91 | metadata={"bbox": [288, 196, 374, 282]}
2026-10-02 23:08:09,441 | INFO | EVENT=EMBEDDING_GENERATED | metadata={"dim": 512, "fallback": true}
2026-10-02 23:08:09,441 | INFO | EVENT=RECOGNIZED | face_id=VIS-00001 | confidence=0.96
2026-10-02 23:08:09,448 | INFO | EVENT=TRACKING | track_id=4 | confidence=0.91 | metadata={"bbox": [288, 196, 374, 282]}
2026-10-02 23:08:09,466 | INFO | EVENT=EMBEDDING_GENERATED | metadata={"dim": 512, "fallback": true}
2026-10-02 23:08:09,467 | INFO | EVENT=RECOGNIZED | face_id=VIS-00001 | confidence=0.97
2026-10-02 23:08:09,580 | INFO | EVENT=FACE_DETECTED | confidence=0.91 | metadata={"frame": 301, "bbox": [306, 197, 394, 285]}
2026-10-02 23:08:09,581 | INFO | EVENT=TRACKING | track_id=4 | confidence=0.91 | metadata={"bbox": [306, 197, 394, 285]}
2026-10-02 23:08:09,600 | INFO | EVENT=EMBEDDING_GENERATED | metadata={"dim": 512, "fallback": true}
2026-10-02 23:08:09,601 | INFO | EVENT=RECOGNIZED | face_id=VIS-00001 | confidence=0.97
2026-10-02 23:08:09,607 | INFO | EVENT=TRACKING | track_id=4 | confidence=0.91 | metadata={"bbox": [306, 197, 394, 285]}
2026-10-02 23:08:09,628 | INFO | EVENT=EMBEDDING_GENERATED | metadata={"dim": 512, "fallback": true}
2026-10-02 23:08:09,628 | INFO | EVENT=RECOGNIZED | face_id=VIS-00001 | confidence=0.97
2026-10-02 23:08:09,636 | INFO | EVENT=TRACKING | track_id=4 | confidence=0.91 | metadata={"bbox": [306, 197, 394, 285]}
2026-10-02 23:08:09,655 | INFO | EVENT=EMBEDDING_GENERATED | metadata={"dim": 512, "fallback": true}
2026-10-02 23:08:09,655 | INFO | EVENT=RECOGNIZED | face_id=VIS-00001 | confidence=0.97
2026-10-02 23:08:09,661 | INFO | EVENT=TRACKING | track_id=4 | confidence=0.91 | metadata={"bbox": [306, 197, 394, 285]}
2026-10-02 23:08:09,681 | INFO | EVENT=EMBEDDING_GENERATED | metadata={"dim": 512, "fallback": true}
2026-10-02 23:08:09,681 | INFO | EVENT=RECOGNIZED | face_id=VIS-00001 | confidence=0.96
2026-10-02 23:08:09,688 | INFO | EVENT=TRACKING | track_id=4 | confidence=0.91 | metadata={"bbox": [306, 197, 394, 285]}
2026-10-02 23:08:09,708 | INFO | EVENT=EMBEDDING_GENERATED | metadata={"dim": 512, "fallback": true}
2026-10-02 23:08:09,709 | INFO | EVENT=RECOGNIZED | face_id=VIS-00001 | confidence=0.95
2026-10-02 23:08:09,714 | INFO | EVENT=TRACKING | track_id=4 | confidence=0.91 | metadata={"bbox": [306, 197, 394, 285]}
2026-10-02 23:08:09,733 | INFO | EVENT=EMBEDDING_GENERATED | metadata={"dim": 512, "fallback": true}
2026-10-02 23:08:09,734 | INFO | EVENT=RECOGNIZED | face_id=VIS-00001 | confidence=0.94
2026-10-02 23:08:09,846 | INFO | EVENT=FACE_DETECTED | confidence=0.91 | metadata={"frame": 307, "bbox": [326, 197, 414, 285]}
2026-10-02 23:08:09,848 | INFO | EVENT=TRACKING | track_id=4 | confidence=0.91 | metadata={"bbox": [326, 197, 414, 285]}
2026-10-02 23:08:09,867 | INFO | EVENT=EMBEDDING_GENERATED | metadata={"dim": 512, "fallback": true}
2026-10-02 23:08:09,868 | INFO | EVENT=RECOGNIZED | face_id=VIS-00001 | confidence=0.97
2026-10-02 23:08:09,874 | INFO | EVENT=TRACKING | track_id=4 | confidence=0.91 | metadata={"bbox": [326, 197, 414, 285]}
2026-10-02 23:08:09,893 | INFO | EVENT=EMBEDDING_GENERATED | metadata={"dim": 512, "fallback": true}
2026-10-02 23:08:09,894 | INFO | EVENT=RECOGNIZED | face_id=VIS-00001 | confidence=0.97
2026-10-02 23:08:09,900 | INFO | EVENT=TRACKING | track_id=4 | confidence=0.91 | metadata={"bbox": [326, 197, 414, 285]}
2026-10-02 23:08:09,922 | INFO | EVENT=EMBEDDING_GENERATED | metadata={"dim": 512, "fallback": true}
2026-10-02 23:08:09,922 | INFO | EVENT=RECOGNIZED | face_id=VIS-00001 | confidence=0.98
2026-10-02 23:08:09,928 | INFO | EVENT=TRACKING | track_id=4 | confidence=0.91 | metadata={"bbox": [326, 197, 414, 285]}
2026-10-02 23:08:09,948 | INFO | EVENT=EMBEDDING_GENERATED | metadata={"dim": 512, "fallback": true}
2026-10-02 23:08:09,949 | INFO | EVENT=RECOGNIZED | face_id=VIS-00001 | confidence=0.98
2026-10-02 23:08:09,955 | INFO | EVENT=TRACKING | track_id=4 | confidence=0.91 | metadata={"bbox": [326, 197, 414, 285]}
2026-10-02 23:08:09,974 | INFO | EVENT=EMBEDDING_GENERATED | metadata={"dim": 512, "fallback": true}
2026-10-02 23:08:09,975 | INFO | EVENT=RECOGNIZED | face_id=VIS-00001 | confidence=0.97
2026-10-02 23:08:09,980 | INFO | EVENT=TRACKING | track_id=4 | confidence=0.91 | metadata={"bbox": [326, 197, 414, 285]}
2026-10-02 23:08:10,000 | INFO | EVENT=EMBEDDING_GENERATED | metadata={"dim": 512, "fallback": true}
2026-10-02 23:08:10,000 | INFO | EVENT=RECOGNIZED | face_id=VIS-00001 | confidence=0.97
2026-10-02 23:08:10,108 | INFO | EVENT=FACE_DETECTED | confidence=0.91 | metadata={"frame": 313, "bbox": [348, 198, 434, 284]}
2026-10-02 23:08:10,110 | INFO | EVENT=TRACKING | track_id=4 | confidence=0.91 | metadata={"bbox": [348, 198, 434, 284]}
2026-10-02 23:08:10,130 | INFO | EVENT=EMBEDDING_GENERATED | metadata={"dim": 512, "fallback": true}
2026-10-02 23:08:10,130 | INFO | EVENT=RECOGNIZED | face_id=VIS-00001 | confidence=0.97
2026-10-02 23:08:10,137 | INFO | EVENT=TRACKING | track_id=4 | confidence=0.91 | metadata={"bbox": [348, 198, 434, 284]}
2026-10-02 23:08:10,157 | INFO | EVENT=EMBEDDING_GENERATED | metadata={"dim": 512, "fallback": true}
2026-10-02 23:08:10,157 | INFO | EVENT=RECOGNIZED | face_id=VIS-00001 | confidence=0.98
2026-10-02 23:08:10,163 | INFO | EVENT=TRACKING | track_id=4 | confidence=0.91 | metadata={"bbox": [348, 198, 434, 284]}
2026-10-02 23:08:10,182 | INFO | EVENT=EMBEDDING_GENERATED | metadata={"dim": 512, "fallback": true}
2026-10-02 23:08:10,183 | INFO | EVENT=RECOGNIZED | face_id=VIS-00001 | confidence=0.98
2026-10-02 23:08:10,189 | INFO | EVENT=TRACKING | track_id=4 | confidence=0.91 | metadata={"bbox": [348, 198, 434, 284]}
2026-10-02 23:08:10,208 | INFO | EVENT=EMBEDDING_GENERATED | metadata={"dim": 512, "fallback": true}
2026-10-02 23:08:10,208 | INFO | EVENT=RECOGNIZED | face_id=VIS-00001 | confidence=0.98
2026-10-02 23:08:10,215 | INFO | EVENT=TRACKING | track_id=4 | confidence=0.91 | metadata={"bbox": [348, 198, 434, 284]}
2026-10-02 23:08:10,235 | INFO | EVENT=EMBEDDING_GENERATED | metadata={"dim": 512, "fallback": true}
2026-10-02 23:08:10,235 | INFO | EVENT=RECOGNIZED | face_id=VIS-00001 | confidence=0.97
2026-10-02 23:08:10,241 | INFO | EVENT=TRACKING | track_id=4 | confidence=0.91 | metadata={"bbox": [348, 198, 434, 284]}
2026-10-02 23:08:10,260 | INFO | EVENT=EMBEDDING_GENERATED | metadata={"dim": 512, "fallback": true}
2026-10-02 23:08:10,261 | INFO | EVENT=RECOGNIZED | face_id=VIS-00001 | confidence=0.97
2026-10-02 23:08:10,364 | INFO | EVENT=FACE_DETECTED | confidence=0.91 | metadata={"frame": 319, "bbox": [367, 198, 453, 284]}
2026-10-02 23:08:10,366 | INFO | EVENT=TRACKING | track_id=4 | confidence=0.91 | metadata={"bbox": [367, 198, 453, 284]}
2026-10-02 23:08:10,384 | INFO | EVENT=EMBEDDING_GENERATED | metadata={"dim": 512, "fallback": true}
2026-10-02 23:08:10,385 | INFO | EVENT=RECOGNIZED | face_id=VIS-00001 | confidence=0.97
2026-10-02 23:08:10,391 | INFO | EVENT=TRACKING | track_id=4 | confidence=0.91 | metadata={"bbox": [367, 198, 453, 284]}
2026-10-02 23:08:10,413 | INFO | EVENT=EMBEDDING_GENERATED | metadata={"dim": 512, "fallback": true}
2026-10-02 23:08:10,413 | INFO | EVENT=RECOGNIZED | face_id=VIS-00001 | confidence=0.98
2026-10-02 23:08:10,420 | INFO | EVENT=TRACKING | track_id=4 | confidence=0.91 | metadata={"bbox": [367, 198, 453, 284]}
2026-10-02 23:08:10,440 | INFO | EVENT=EMBEDDING_GENERATED | metadata={"dim": 512, "fallback": true}
2026-10-02 23:08:10,440 | INFO | EVENT=RECOGNIZED | face_id=VIS-00001 | confidence=0.98
2026-10-02 23:08:10,446 | INFO | EVENT=TRACKING | track_id=4 | confidence=0.91 | metadata={"bbox": [367, 198, 453, 284]}
2026-10-02 23:08:10,465 | INFO | EVENT=EMBEDDING_GENERATED | metadata={"dim": 512, "fallback": true}
2026-10-02 23:08:10,466 | INFO | EVENT=RECOGNIZED | face_id=VIS-00001 | confidence=0.97
2026-10-02 23:08:10,472 | INFO | EVENT=TRACKING | track_id=4 | confidence=0.91 | metadata={"bbox": [367, 198, 453, 284]}
2026-10-02 23:08:10,492 | INFO | EVENT=EMBEDDING_GENERATED | metadata={"dim": 512, "fallback": true}
2026-10-02 23:08:10,493 | INFO | EVENT=RECOGNIZED | face_id=VIS-00001 | confidence=0.96
2026-10-02 23:08:10,499 | INFO | EVENT=TRACKING | track_id=4 | confidence=0.91 | metadata={"bbox": [367, 198, 453, 284]}
2026-10-02 23:08:10,519 | INFO | EVENT=EMBEDDING_GENERATED | metadata={"dim": 512, "fallback": true}
2026-10-02 23:08:10,519 | INFO | EVENT=RECOGNIZED | face_id=VIS-00001 | confidence=0.97
2026-10-02 23:08:10,621 | INFO | EVENT=FACE_DETECTED | confidence=0.91 | metadata={"frame": 325, "bbox": [387, 198, 473, 284]}
2026-10-02 23:08:10,624 | INFO | EVENT=TRACKING | track_id=4 | confidence=0.91 | metadata={"bbox": [387, 198, 473, 284]}
2026-10-02 23:08:10,644 | INFO | EVENT=EMBEDDING_GENERATED | metadata={"dim": 512, "fallback": true}
2026-10-02 23:08:10,644 | INFO | EVENT=RECOGNIZED | face_id=VIS-00001 | confidence=0.97
2026-10-02 23:08:10,654 | INFO | EVENT=TRACKING | track_id=4 | confidence=0.91 | metadata={"bbox": [387, 198, 473, 284]}
2026-10-02 23:08:10,673 | INFO | EVENT=EMBEDDING_GENERATED | metadata={"dim": 512, "fallback": true}
2026-10-02 23:08:10,674 | INFO | EVENT=RECOGNIZED | face_id=VIS-00001 | confidence=0.97
2026-10-02 23:08:10,681 | INFO | EVENT=TRACKING | track_id=4 | confidence=0.91 | metadata={"bbox": [387, 198, 473, 284]}
2026-10-02 23:08:10,711 | INFO | EVENT=EMBEDDING_GENERATED | metadata={"dim": 512, "fallback": true}
2026-10-02 23:08:10,711 | INFO | EVENT=RECOGNIZED | face_id=VIS-00001 | confidence=0.97
2026-10-02 23:08:10,719 | INFO | EVENT=TRACKING | track_id=4 | confidence=0.91 | metadata={"bbox": [387, 198, 473, 284]}
2026-10-02 23:08:10,742 | INFO | EVENT=EMBEDDING_GENERATED | metadata={"dim": 512, "fallback": true}
2026-10-02 23:08:10,743 | INFO | EVENT=RECOGNIZED | face_id=VIS-00001 | confidence=0.97
2026-10-02 23:08:10,748 | INFO | EVENT=TRACKING | track_id=4 | confidence=0.91 | metadata={"bbox": [387, 198, 473, 284]}
2026-10-02 23:08:10,770 | INFO | EVENT=EMBEDDING_GENERATED | metadata={"dim": 512, "fallback": true}
2026-10-02 23:08:10,770 | INFO | EVENT=RECOGNIZED | face_id=VIS-00001 | confidence=0.96
2026-10-02 23:08:10,777 | INFO | EVENT=TRACKING | track_id=4 | confidence=0.91 | metadata={"bbox": [387, 198, 473, 284]}
2026-10-02 23:08:10,804 | INFO | EVENT=EMBEDDING_GENERATED | metadata={"dim": 512, "fallback": true}
2026-10-02 23:08:10,805 | INFO | EVENT=RECOGNIZED | face_id=VIS-00001 | confidence=0.95
2026-10-02 23:08:11,018 | INFO | EVENT=FACE_DETECTED | confidence=0.91 | metadata={"frame": 331, "bbox": [407, 197, 495, 285]}
2026-10-02 23:08:11,021 | INFO | EVENT=TRACKING | track_id=4 | confidence=0.91 | metadata={"bbox": [407, 197, 495, 285]}
2026-10-02 23:08:11,040 | INFO | EVENT=EMBEDDING_GENERATED | metadata={"dim": 512, "fallback": true}
2026-10-02 23:08:11,040 | INFO | EVENT=RECOGNIZED | face_id=VIS-00001 | confidence=0.97
2026-10-02 23:08:11,048 | INFO | EVENT=TRACKING | track_id=4 | confidence=0.91 | metadata={"bbox": [407, 197, 495, 285]}
2026-10-02 23:08:11,067 | INFO | EVENT=EMBEDDING_GENERATED | metadata={"dim": 512, "fallback": true}
2026-10-02 23:08:11,067 | INFO | EVENT=RECOGNIZED | face_id=VIS-00001 | confidence=0.62
2026-10-02 23:08:11,074 | INFO | EVENT=TRACKING | track_id=4 | confidence=0.91 | metadata={"bbox": [407, 197, 495, 285]}
2026-10-02 23:08:11,093 | INFO | EVENT=EMBEDDING_GENERATED | metadata={"dim": 512, "fallback": true}
2026-10-02 23:08:11,094 | INFO | EVENT=RECOGNIZED | face_id=VIS-00001 | confidence=0.62
2026-10-02 23:08:11,099 | INFO | EVENT=TRACKING | track_id=4 | confidence=0.91 | metadata={"bbox": [407, 197, 495, 285]}
2026-10-02 23:08:11,119 | INFO | EVENT=EMBEDDING_GENERATED | metadata={"dim": 512, "fallback": true}
2026-10-02 23:08:11,119 | INFO | EVENT=RECOGNIZED | face_id=VIS-00001 | confidence=0.62
2026-10-02 23:08:11,126 | INFO | EVENT=TRACKING | track_id=4 | confidence=0.91 | metadata={"bbox": [407, 197, 495, 285]}
2026-10-02 23:08:11,146 | INFO | EVENT=EMBEDDING_GENERATED | metadata={"dim": 512, "fallback": true}
2026-10-02 23:08:11,146 | INFO | EVENT=RECOGNIZED | face_id=VIS-00001 | confidence=0.62
2026-10-02 23:08:11,153 | INFO | EVENT=TRACKING | track_id=4 | confidence=0.91 | metadata={"bbox": [407, 197, 495, 285]}
2026-10-02 23:08:11,174 | INFO | EVENT=EMBEDDING_GENERATED | metadata={"dim": 512, "fallback": true}
2026-10-02 23:08:11,174 | INFO | EVENT=RECOGNIZED | face_id=VIS-00001 | confidence=0.62
2026-10-02 23:08:12,638 | INFO | EVENT=EXIT | face_id=VIS-00001 | track_id=4 | confidence=0.62 | metadata={"image_path": "logs/exits\\2026-10-02\\VIS-00001_2026-10-02_173812.jpg", "frame": 360}
2026-10-03 00:14:33,974 | INFO | EVENT=FACE_DETECTED | confidence=0.91 | metadata={"frame": 1, "bbox": [7, 178, 93, 264]}
2026-10-03 00:14:33,990 | INFO | EVENT=TRACKING | track_id=1 | confidence=0.91 | metadata={"bbox": [7, 178, 93, 264]}
2026-10-03 00:14:34,082 | INFO | EVENT=EMBEDDING_GENERATED | metadata={"dim": 512, "fallback": true}
2026-10-03 00:14:34,127 | INFO | EVENT=TRACKING | track_id=1 | confidence=0.91 | metadata={"bbox": [7, 178, 93, 264]}
2026-10-03 00:14:34,151 | INFO | EVENT=EMBEDDING_GENERATED | metadata={"dim": 512, "fallback": true}
2026-10-03 00:14:34,159 | INFO | EVENT=TRACKING | track_id=1 | confidence=0.91 | metadata={"bbox": [7, 178, 93, 264]}
2026-10-03 00:14:34,178 | INFO | EVENT=EMBEDDING_GENERATED | metadata={"dim": 512, "fallback": true}
2026-10-03 00:14:34,197 | INFO | EVENT=EMBEDDING_GENERATED | metadata={"dim": 512, "fallback": true}
2026-10-03 00:14:34,213 | INFO | EVENT=NEW_FACE_REGISTERED | face_id=VIS-00001 | track_id=1 | confidence=0.91 | metadata={"quality_score": 424614.87, "sharpness": 5424.7}
2026-10-03 00:14:34,226 | INFO | EVENT=TRACKING | track_id=1 | confidence=0.91 | metadata={"bbox": [7, 178, 93, 264]}
2026-10-03 00:14:34,243 | INFO | EVENT=EMBEDDING_GENERATED | metadata={"dim": 512, "fallback": true}
2026-10-03 00:14:34,243 | INFO | EVENT=RECOGNIZED | face_id=VIS-00001 | confidence=0.95
2026-10-03 00:14:34,250 | INFO | EVENT=TRACKING | track_id=1 | confidence=0.91 | metadata={"bbox": [7, 178, 93, 264]}
2026-10-03 00:14:34,266 | INFO | EVENT=EMBEDDING_GENERATED | metadata={"dim": 512, "fallback": true}
2026-10-03 00:14:34,268 | INFO | EVENT=RECOGNIZED | face_id=VIS-00001 | confidence=0.91
2026-10-03 00:14:34,272 | INFO | EVENT=TRACKING | track_id=1 | confidence=0.91 | metadata={"bbox": [7, 178, 93, 264]}
2026-10-03 00:14:34,292 | INFO | EVENT=EMBEDDING_GENERATED | metadata={"dim": 512, "fallback": true}
2026-10-03 00:14:34,293 | INFO | EVENT=RECOGNIZED | face_id=VIS-00001 | confidence=0.88
2026-10-03 00:14:34,434 | INFO | EVENT=FACE_DETECTED | confidence=0.91 | metadata={"frame": 7, "bbox": [45, 179, 129, 263]}
2026-10-03 00:14:34,435 | INFO | EVENT=TRACKING | track_id=1 | confidence=0.91 | metadata={"bbox": [45, 179, 129, 263]}
2026-10-03 00:14:34,457 | INFO | EVENT=EMBEDDING_GENERATED | metadata={"dim": 512, "fallback": true}
2026-10-03 00:14:34,458 | INFO | EVENT=RECOGNIZED | face_id=VIS-00001 | confidence=0.98
2026-10-03 00:14:34,466 | INFO | EVENT=TRACKING | track_id=1 | confidence=0.91 | metadata={"bbox": [45, 179, 129, 263]}
2026-10-03 00:14:34,489 | INFO | EVENT=EMBEDDING_GENERATED | metadata={"dim": 512, "fallback": true}
2026-10-03 00:14:34,489 | INFO | EVENT=RECOGNIZED | face_id=VIS-00001 | confidence=0.99
2026-10-03 00:14:34,498 | INFO | EVENT=TRACKING | track_id=1 | confidence=0.91 | metadata={"bbox": [45, 179, 129, 263]}
2026-10-03 00:14:34,521 | INFO | EVENT=EMBEDDING_GENERATED | metadata={"dim": 512, "fallback": true}
2026-10-03 00:14:34,521 | INFO | EVENT=RECOGNIZED | face_id=VIS-00001 | confidence=0.96
2026-10-03 00:14:34,529 | INFO | EVENT=TRACKING | track_id=1 | confidence=0.91 | metadata={"bbox": [45, 179, 129, 263]}
2026-10-03 00:14:34,551 | INFO | EVENT=EMBEDDING_GENERATED | metadata={"dim": 512, "fallback": true}
2026-10-03 00:14:34,552 | INFO | EVENT=RECOGNIZED | face_id=VIS-00001 | confidence=0.95
2026-10-03 00:14:34,557 | INFO | EVENT=TRACKING | track_id=1 | confidence=0.91 | metadata={"bbox": [45, 179, 129, 263]}
2026-10-03 00:14:34,579 | INFO | EVENT=EMBEDDING_GENERATED | metadata={"dim": 512, "fallback": true}
2026-10-03 00:14:34,579 | INFO | EVENT=RECOGNIZED | face_id=VIS-00001 | confidence=0.91
2026-10-03 00:14:34,586 | INFO | EVENT=TRACKING | track_id=1 | confidence=0.91 | metadata={"bbox": [45, 179, 129, 263]}
2026-10-03 00:14:34,609 | INFO | EVENT=EMBEDDING_GENERATED | metadata={"dim": 512, "fallback": true}
2026-10-03 00:14:34,610 | INFO | EVENT=RECOGNIZED | face_id=VIS-00001 | confidence=0.87
2026-10-03 00:14:34,739 | INFO | EVENT=FACE_DETECTED | confidence=0.91 | metadata={"frame": 13, "bbox": [82, 178, 168, 264]}
2026-10-03 00:14:34,741 | INFO | EVENT=TRACKING | track_id=1 | confidence=0.91 | metadata={"bbox": [82, 178, 168, 264]}
2026-10-03 00:14:34,763 | INFO | EVENT=EMBEDDING_GENERATED | metadata={"dim": 512, "fallback": true}
2026-10-03 00:14:34,763 | INFO | EVENT=RECOGNIZED | face_id=VIS-00001 | confidence=0.98
2026-10-03 00:14:34,773 | INFO | EVENT=TRACKING | track_id=1 | confidence=0.91 | metadata={"bbox": [82, 178, 168, 264]}
2026-10-03 00:14:34,795 | INFO | EVENT=EMBEDDING_GENERATED | metadata={"dim": 512, "fallback": true}
2026-10-03 00:14:34,796 | INFO | EVENT=RECOGNIZED | face_id=VIS-00001 | confidence=0.99
2026-10-03 00:14:34,802 | INFO | EVENT=TRACKING | track_id=1 | confidence=0.91 | metadata={"bbox": [82, 178, 168, 264]}
2026-10-03 00:14:34,822 | INFO | EVENT=EMBEDDING_GENERATED | metadata={"dim": 512, "fallback": true}
2026-10-03 00:14:34,822 | INFO | EVENT=RECOGNIZED | face_id=VIS-00001 | confidence=0.97
2026-10-03 00:14:34,830 | INFO | EVENT=TRACKING | track_id=1 | confidence=0.91 | metadata={"bbox": [82, 178, 168, 264]}
2026-10-03 00:14:34,849 | INFO | EVENT=EMBEDDING_GENERATED | metadata={"dim": 512, "fallback": true}
2026-10-03 00:14:34,849 | INFO | EVENT=RECOGNIZED | face_id=VIS-00001 | confidence=0.95
2026-10-03 00:14:34,856 | INFO | EVENT=TRACKING | track_id=1 | confidence=0.91 | metadata={"bbox": [82, 178, 168, 264]}
2026-10-03 00:14:34,879 | INFO | EVENT=EMBEDDING_GENERATED | metadata={"dim": 512, "fallback": true}
2026-10-03 00:14:34,879 | INFO | EVENT=RECOGNIZED | face_id=VIS-00001 | confidence=0.91
2026-10-03 00:14:34,886 | INFO | EVENT=TRACKING | track_id=1 | confidence=0.91 | metadata={"bbox": [82, 178, 168, 264]}
2026-10-03 00:14:34,905 | INFO | EVENT=EMBEDDING_GENERATED | metadata={"dim": 512, "fallback": true}
2026-10-03 00:14:34,906 | INFO | EVENT=RECOGNIZED | face_id=VIS-00001 | confidence=0.87
2026-10-03 00:14:35,158 | INFO | EVENT=FACE_DETECTED | confidence=0.91 | metadata={"frame": 19, "bbox": [120, 178, 206, 264]}
2026-10-03 00:14:35,162 | INFO | EVENT=TRACKING | track_id=1 | confidence=0.91 | metadata={"bbox": [120, 178, 206, 264]}
2026-10-03 00:14:35,185 | INFO | EVENT=EMBEDDING_GENERATED | metadata={"dim": 512, "fallback": true}
2026-10-03 00:14:35,185 | INFO | EVENT=RECOGNIZED | face_id=VIS-00001 | confidence=0.98
2026-10-03 00:14:35,200 | INFO | EVENT=TRACKING | track_id=1 | confidence=0.91 | metadata={"bbox": [120, 178, 206, 264]}
2026-10-03 00:14:35,221 | INFO | EVENT=EMBEDDING_GENERATED | metadata={"dim": 512, "fallback": true}
2026-10-03 00:14:35,221 | INFO | EVENT=RECOGNIZED | face_id=VIS-00001 | confidence=0.99
2026-10-03 00:14:35,228 | INFO | EVENT=TRACKING | track_id=1 | confidence=0.91 | metadata={"bbox": [120, 178, 206, 264]}
2026-10-03 00:14:35,272 | INFO | EVENT=EMBEDDING_GENERATED | metadata={"dim": 512, "fallback": true}
2026-10-03 00:14:35,272 | INFO | EVENT=RECOGNIZED | face_id=VIS-00001 | confidence=0.97
2026-10-03 00:14:35,278 | INFO | EVENT=TRACKING | track_id=1 | confidence=0.91 | metadata={"bbox": [120, 178, 206, 264]}
2026-10-03 00:14:35,301 | INFO | EVENT=EMBEDDING_GENERATED | metadata={"dim": 512, "fallback": true}
2026-10-03 00:14:35,301 | INFO | EVENT=RECOGNIZED | face_id=VIS-00001 | confidence=0.95
2026-10-03 00:14:35,308 | INFO | EVENT=TRACKING | track_id=1 | confidence=0.91 | metadata={"bbox": [120, 178, 206, 264]}
2026-10-03 00:14:35,328 | INFO | EVENT=EMBEDDING_GENERATED | metadata={"dim": 512, "fallback": true}
2026-10-03 00:14:35,329 | INFO | EVENT=RECOGNIZED | face_id=VIS-00001 | confidence=0.92
2026-10-03 00:14:35,336 | INFO | EVENT=TRACKING | track_id=1 | confidence=0.91 | metadata={"bbox": [120, 178, 206, 264]}
2026-10-03 00:14:35,355 | INFO | EVENT=EMBEDDING_GENERATED | metadata={"dim": 512, "fallback": true}
2026-10-03 00:14:35,357 | INFO | EVENT=RECOGNIZED | face_id=VIS-00001 | confidence=0.88
2026-10-03 00:14:35,543 | INFO | EVENT=FACE_DETECTED | confidence=0.91 | metadata={"frame": 25, "bbox": [157, 175, 245, 263]}
2026-10-03 00:14:35,545 | INFO | EVENT=TRACKING | track_id=1 | confidence=0.91 | metadata={"bbox": [157, 175, 245, 263]}
2026-10-03 00:14:35,565 | INFO | EVENT=EMBEDDING_GENERATED | metadata={"dim": 512, "fallback": true}
2026-10-03 00:14:35,566 | INFO | EVENT=RECOGNIZED | face_id=VIS-00001 | confidence=0.96
2026-10-03 00:14:35,573 | INFO | EVENT=TRACKING | track_id=1 | confidence=0.91 | metadata={"bbox": [157, 175, 245, 263]}
2026-10-03 00:14:35,595 | INFO | EVENT=EMBEDDING_GENERATED | metadata={"dim": 512, "fallback": true}
2026-10-03 00:14:35,596 | INFO | EVENT=RECOGNIZED | face_id=VIS-00001 | confidence=0.97
2026-10-03 00:14:35,602 | INFO | EVENT=TRACKING | track_id=1 | confidence=0.91 | metadata={"bbox": [157, 175, 245, 263]}
2026-10-03 00:14:35,622 | INFO | EVENT=EMBEDDING_GENERATED | metadata={"dim": 512, "fallback": true}
2026-10-03 00:14:35,622 | INFO | EVENT=RECOGNIZED | face_id=VIS-00001 | confidence=0.96
2026-10-03 00:14:35,630 | INFO | EVENT=TRACKING | track_id=1 | confidence=0.91 | metadata={"bbox": [157, 175, 245, 263]}
2026-10-03 00:14:35,653 | INFO | EVENT=EMBEDDING_GENERATED | metadata={"dim": 512, "fallback": true}
2026-10-03 00:14:35,655 | INFO | EVENT=RECOGNIZED | face_id=VIS-00001 | confidence=0.95
2026-10-03 00:14:35,661 | INFO | EVENT=TRACKING | track_id=1 | confidence=0.91 | metadata={"bbox": [157, 175, 245, 263]}
2026-10-03 00:14:35,683 | INFO | EVENT=EMBEDDING_GENERATED | metadata={"dim": 512, "fallback": true}
2026-10-03 00:14:35,683 | INFO | EVENT=RECOGNIZED | face_id=VIS-00001 | confidence=0.91
2026-10-03 00:14:35,690 | INFO | EVENT=TRACKING | track_id=1 | confidence=0.91 | metadata={"bbox": [157, 175, 245, 263]}
2026-10-03 00:14:35,710 | INFO | EVENT=EMBEDDING_GENERATED | metadata={"dim": 512, "fallback": true}
2026-10-03 00:14:35,711 | INFO | EVENT=RECOGNIZED | face_id=VIS-00001 | confidence=0.89
2026-10-03 00:14:35,855 | INFO | EVENT=FACE_DETECTED | confidence=0.91 | metadata={"frame": 31, "bbox": [193, 175, 281, 263]}
2026-10-03 00:14:35,856 | INFO | EVENT=TRACKING | track_id=1 | confidence=0.91 | metadata={"bbox": [193, 175, 281, 263]}
2026-10-03 00:14:35,874 | INFO | EVENT=EMBEDDING_GENERATED | metadata={"dim": 512, "fallback": true}
2026-10-03 00:14:35,874 | INFO | EVENT=RECOGNIZED | face_id=VIS-00001 | confidence=0.95
2026-10-03 00:14:35,880 | INFO | EVENT=TRACKING | track_id=1 | confidence=0.91 | metadata={"bbox": [193, 175, 281, 263]}
2026-10-03 00:14:35,900 | INFO | EVENT=EMBEDDING_GENERATED | metadata={"dim": 512, "fallback": true}
2026-10-03 00:14:35,900 | INFO | EVENT=RECOGNIZED | face_id=VIS-00001 | confidence=0.96
2026-10-03 00:14:35,907 | INFO | EVENT=TRACKING | track_id=1 | confidence=0.91 | metadata={"bbox": [193, 175, 281, 263]}
2026-10-03 00:14:35,928 | INFO | EVENT=EMBEDDING_GENERATED | metadata={"dim": 512, "fallback": true}
2026-10-03 00:14:35,929 | INFO | EVENT=RECOGNIZED | face_id=VIS-00001 | confidence=0.93
2026-10-03 00:14:35,935 | INFO | EVENT=TRACKING | track_id=1 | confidence=0.91 | metadata={"bbox": [193, 175, 281, 263]}
2026-10-03 00:14:35,956 | INFO | EVENT=EMBEDDING_GENERATED | metadata={"dim": 512, "fallback": true}
2026-10-03 00:14:35,956 | INFO | EVENT=RECOGNIZED | face_id=VIS-00001 | confidence=0.91
2026-10-03 00:14:35,962 | INFO | EVENT=TRACKING | track_id=1 | confidence=0.91 | metadata={"bbox": [193, 175, 281, 263]}
2026-10-03 00:14:35,982 | INFO | EVENT=EMBEDDING_GENERATED | metadata={"dim": 512, "fallback": true}
2026-10-03 00:14:35,982 | INFO | EVENT=RECOGNIZED | face_id=VIS-00001 | confidence=0.88
2026-10-03 00:14:35,989 | INFO | EVENT=TRACKING | track_id=1 | confidence=0.91 | metadata={"bbox": [193, 175, 281, 263]}
2026-10-03 00:14:36,009 | INFO | EVENT=EMBEDDING_GENERATED | metadata={"dim": 512, "fallback": true}
2026-10-03 00:14:36,010 | INFO | EVENT=RECOGNIZED | face_id=VIS-00001 | confidence=0.85
2026-10-03 00:14:36,152 | INFO | EVENT=FACE_DETECTED | confidence=0.91 | metadata={"frame": 37, "bbox": [231, 177, 317, 263]}
2026-10-03 00:14:36,154 | INFO | EVENT=TRACKING | track_id=1 | confidence=0.91 | metadata={"bbox": [231, 177, 317, 263]}
2026-10-03 00:14:36,173 | INFO | EVENT=EMBEDDING_GENERATED | metadata={"dim": 512, "fallback": true}
2026-10-03 00:14:36,173 | INFO | EVENT=RECOGNIZED | face_id=VIS-00001 | confidence=0.97
2026-10-03 00:14:36,180 | INFO | EVENT=TRACKING | track_id=1 | confidence=0.91 | metadata={"bbox": [231, 177, 317, 263]}
2026-10-03 00:14:36,202 | INFO | EVENT=EMBEDDING_GENERATED | metadata={"dim": 512, "fallback": true}
2026-10-03 00:14:36,202 | INFO | EVENT=RECOGNIZED | face_id=VIS-00001 | confidence=0.98
2026-10-03 00:14:36,209 | INFO | EVENT=TRACKING | track_id=1 | confidence=0.91 | metadata={"bbox": [231, 177, 317, 263]}
2026-10-03 00:14:36,236 | INFO | EVENT=EMBEDDING_GENERATED | metadata={"dim": 512, "fallback": true}
2026-10-03 00:14:36,237 | INFO | EVENT=RECOGNIZED | face_id=VIS-00001 | confidence=0.97
2026-10-03 00:14:36,244 | INFO | EVENT=TRACKING | track_id=1 | confidence=0.91 | metadata={"bbox": [231, 177, 317, 263]}
2026-10-03 00:14:36,270 | INFO | EVENT=EMBEDDING_GENERATED | metadata={"dim": 512, "fallback": true}
2026-10-03 00:14:36,270 | INFO | EVENT=RECOGNIZED | face_id=VIS-00001 | confidence=0.95
2026-10-03 00:14:36,277 | INFO | EVENT=TRACKING | track_id=1 | confidence=0.91 | metadata={"bbox": [231, 177, 317, 263]}
2026-10-03 00:14:36,297 | INFO | EVENT=EMBEDDING_GENERATED | metadata={"dim": 512, "fallback": true}
2026-10-03 00:14:36,298 | INFO | EVENT=RECOGNIZED | face_id=VIS-00001 | confidence=0.91
2026-10-03 00:14:36,304 | INFO | EVENT=TRACKING | track_id=1 | confidence=0.91 | metadata={"bbox": [231, 177, 317, 263]}
2026-10-03 00:14:36,323 | INFO | EVENT=EMBEDDING_GENERATED | metadata={"dim": 512, "fallback": true}
2026-10-03 00:14:36,325 | INFO | EVENT=RECOGNIZED | face_id=VIS-00001 | confidence=0.91
2026-10-03 00:14:36,451 | INFO | EVENT=FACE_DETECTED | confidence=0.91 | metadata={"frame": 43, "bbox": [257, 175, 345, 263]}
2026-10-03 00:14:36,453 | INFO | EVENT=TRACKING | track_id=1 | confidence=0.91 | metadata={"bbox": [257, 175, 345, 263]}
2026-10-03 00:14:36,475 | INFO | EVENT=EMBEDDING_GENERATED | metadata={"dim": 512, "fallback": true}
2026-10-03 00:14:36,476 | INFO | EVENT=RECOGNIZED | face_id=VIS-00001 | confidence=0.96
2026-10-03 00:14:36,483 | INFO | EVENT=TRACKING | track_id=1 | confidence=0.91 | metadata={"bbox": [257, 175, 345, 263]}
2026-10-03 00:14:36,505 | INFO | EVENT=EMBEDDING_GENERATED | metadata={"dim": 512, "fallback": true}
2026-10-03 00:14:36,505 | INFO | EVENT=RECOGNIZED | face_id=VIS-00001 | confidence=0.96
2026-10-03 00:14:36,512 | INFO | EVENT=TRACKING | track_id=1 | confidence=0.91 | metadata={"bbox": [257, 175, 345, 263]}
2026-10-03 00:14:36,531 | INFO | EVENT=EMBEDDING_GENERATED | metadata={"dim": 512, "fallback": true}
2026-10-03 00:14:36,532 | INFO | EVENT=RECOGNIZED | face_id=VIS-00001 | confidence=0.96
2026-10-03 00:14:36,538 | INFO | EVENT=TRACKING | track_id=1 | confidence=0.91 | metadata={"bbox": [257, 175, 345, 263]}
2026-10-03 00:14:36,563 | INFO | EVENT=EMBEDDING_GENERATED | metadata={"dim": 512, "fallback": true}
2026-10-03 00:14:36,563 | INFO | EVENT=RECOGNIZED | face_id=VIS-00001 | confidence=0.96
2026-10-03 00:14:36,569 | INFO | EVENT=TRACKING | track_id=1 | confidence=0.91 | metadata={"bbox": [257, 175, 345, 263]}
2026-10-03 00:14:36,591 | INFO | EVENT=EMBEDDING_GENERATED | metadata={"dim": 512, "fallback": true}
2026-10-03 00:14:36,592 | INFO | EVENT=RECOGNIZED | face_id=VIS-00001 | confidence=0.96
2026-10-03 00:14:36,600 | INFO | EVENT=TRACKING | track_id=1 | confidence=0.91 | metadata={"bbox": [257, 175, 345, 263]}
2026-10-03 00:14:36,622 | INFO | EVENT=EMBEDDING_GENERATED | metadata={"dim": 512, "fallback": true}
2026-10-03 00:14:36,622 | INFO | EVENT=RECOGNIZED | face_id=VIS-00001 | confidence=0.96
2026-10-03 00:14:36,746 | INFO | EVENT=FACE_DETECTED | confidence=0.91 | metadata={"frame": 49, "bbox": [257, 176, 345, 264]}
2026-10-03 00:14:36,748 | INFO | EVENT=TRACKING | track_id=1 | confidence=0.91 | metadata={"bbox": [257, 176, 345, 264]}
2026-10-03 00:14:36,768 | INFO | EVENT=EMBEDDING_GENERATED | metadata={"dim": 512, "fallback": true}
2026-10-03 00:14:36,769 | INFO | EVENT=RECOGNIZED | face_id=VIS-00001 | confidence=0.97
2026-10-03 00:14:36,776 | INFO | EVENT=TRACKING | track_id=1 | confidence=0.91 | metadata={"bbox": [257, 176, 345, 264]}
2026-10-03 00:14:36,796 | INFO | EVENT=EMBEDDING_GENERATED | metadata={"dim": 512, "fallback": true}
2026-10-03 00:14:36,796 | INFO | EVENT=RECOGNIZED | face_id=VIS-00001 | confidence=0.97
2026-10-03 00:14:36,803 | INFO | EVENT=TRACKING | track_id=1 | confidence=0.91 | metadata={"bbox": [257, 176, 345, 264]}
2026-10-03 00:14:36,823 | INFO | EVENT=EMBEDDING_GENERATED | metadata={"dim": 512, "fallback": true}
2026-10-03 00:14:36,823 | INFO | EVENT=RECOGNIZED | face_id=VIS-00001 | confidence=0.97
2026-10-03 00:14:36,829 | INFO | EVENT=TRACKING | track_id=1 | confidence=0.91 | metadata={"bbox": [257, 176, 345, 264]}
2026-10-03 00:14:36,850 | INFO | EVENT=EMBEDDING_GENERATED | metadata={"dim": 512, "fallback": true}
2026-10-03 00:14:36,851 | INFO | EVENT=RECOGNIZED | face_id=VIS-00001 | confidence=0.97
2026-10-03 00:14:36,856 | INFO | EVENT=TRACKING | track_id=1 | confidence=0.91 | metadata={"bbox": [257, 176, 345, 264]}
2026-10-03 00:14:36,876 | INFO | EVENT=EMBEDDING_GENERATED | metadata={"dim": 512, "fallback": true}
2026-10-03 00:14:36,876 | INFO | EVENT=RECOGNIZED | face_id=VIS-00001 | confidence=0.97
2026-10-03 00:14:36,884 | INFO | EVENT=TRACKING | track_id=1 | confidence=0.91 | metadata={"bbox": [257, 176, 345, 264]}
2026-10-03 00:14:36,904 | INFO | EVENT=EMBEDDING_GENERATED | metadata={"dim": 512, "fallback": true}
2026-10-03 00:14:36,904 | INFO | EVENT=RECOGNIZED | face_id=VIS-00001 | confidence=0.97
2026-10-03 00:14:37,035 | INFO | EVENT=FACE_DETECTED | confidence=0.91 | metadata={"frame": 55, "bbox": [257, 176, 345, 264]}
2026-10-03 00:14:37,037 | INFO | EVENT=TRACKING | track_id=1 | confidence=0.91 | metadata={"bbox": [257, 176, 345, 264]}
2026-10-03 00:14:37,057 | INFO | EVENT=EMBEDDING_GENERATED | metadata={"dim": 512, "fallback": true}
2026-10-03 00:14:37,058 | INFO | EVENT=RECOGNIZED | face_id=VIS-00001 | confidence=0.97
2026-10-03 00:14:37,066 | INFO | EVENT=TRACKING | track_id=1 | confidence=0.91 | metadata={"bbox": [257, 176, 345, 264]}
2026-10-03 00:14:37,086 | INFO | EVENT=EMBEDDING_GENERATED | metadata={"dim": 512, "fallback": true}
2026-10-03 00:14:37,087 | INFO | EVENT=RECOGNIZED | face_id=VIS-00001 | confidence=0.97
2026-10-03 00:14:37,093 | INFO | EVENT=TRACKING | track_id=1 | confidence=0.91 | metadata={"bbox": [257, 176, 345, 264]}
2026-10-03 00:14:37,115 | INFO | EVENT=EMBEDDING_GENERATED | metadata={"dim": 512, "fallback": true}
2026-10-03 00:14:37,116 | INFO | EVENT=RECOGNIZED | face_id=VIS-00001 | confidence=0.97
2026-10-03 00:14:37,122 | INFO | EVENT=TRACKING | track_id=1 | confidence=0.91 | metadata={"bbox": [257, 176, 345, 264]}
2026-10-03 00:14:37,143 | INFO | EVENT=EMBEDDING_GENERATED | metadata={"dim": 512, "fallback": true}
2026-10-03 00:14:37,144 | INFO | EVENT=RECOGNIZED | face_id=VIS-00001 | confidence=0.97
2026-10-03 00:14:37,151 | INFO | EVENT=TRACKING | track_id=1 | confidence=0.91 | metadata={"bbox": [257, 176, 345, 264]}
2026-10-03 00:14:37,170 | INFO | EVENT=EMBEDDING_GENERATED | metadata={"dim": 512, "fallback": true}
2026-10-03 00:14:37,170 | INFO | EVENT=RECOGNIZED | face_id=VIS-00001 | confidence=0.97
2026-10-03 00:14:37,177 | INFO | EVENT=TRACKING | track_id=1 | confidence=0.91 | metadata={"bbox": [257, 176, 345, 264]}
2026-10-03 00:14:37,197 | INFO | EVENT=EMBEDDING_GENERATED | metadata={"dim": 512, "fallback": true}
2026-10-03 00:14:37,197 | INFO | EVENT=RECOGNIZED | face_id=VIS-00001 | confidence=0.97
2026-10-03 00:14:37,328 | INFO | EVENT=FACE_DETECTED | confidence=0.91 | metadata={"frame": 61, "bbox": [257, 176, 345, 264]}
2026-10-03 00:14:37,329 | INFO | EVENT=FACE_DETECTED | confidence=0.91 | metadata={"frame": 61, "bbox": [438, 8, 524, 94]}
2026-10-03 00:14:37,331 | INFO | EVENT=TRACKING | track_id=1 | confidence=0.91 | metadata={"bbox": [257, 176, 345, 264]}
2026-10-03 00:14:37,351 | INFO | EVENT=EMBEDDING_GENERATED | metadata={"dim": 512, "fallback": true}
2026-10-03 00:14:37,351 | INFO | EVENT=RECOGNIZED | face_id=VIS-00001 | confidence=0.97
2026-10-03 00:14:37,359 | INFO | EVENT=TRACKING | track_id=1 | confidence=0.91 | metadata={"bbox": [257, 176, 345, 264]}
2026-10-03 00:14:37,359 | INFO | EVENT=TRACKING | track_id=2 | confidence=0.91 | metadata={"bbox": [438, 8, 524, 94]}
2026-10-03 00:14:37,379 | INFO | EVENT=EMBEDDING_GENERATED | metadata={"dim": 512, "fallback": true}
2026-10-03 00:14:37,380 | INFO | EVENT=RECOGNIZED | face_id=VIS-00001 | confidence=0.97
2026-10-03 00:14:37,401 | INFO | EVENT=EMBEDDING_GENERATED | metadata={"dim": 512, "fallback": true}
2026-10-03 00:14:37,401 | INFO | EVENT=RECOGNIZED | face_id=VIS-00001 | confidence=0.69
2026-10-03 00:14:37,408 | INFO | EVENT=TRACKING | track_id=1 | confidence=0.91 | metadata={"bbox": [257, 176, 345, 264]}
2026-10-03 00:14:37,408 | INFO | EVENT=TRACKING | track_id=2 | confidence=0.91 | metadata={"bbox": [438, 8, 524, 94]}
2026-10-03 00:14:37,429 | INFO | EVENT=EMBEDDING_GENERATED | metadata={"dim": 512, "fallback": true}
2026-10-03 00:14:37,429 | INFO | EVENT=RECOGNIZED | face_id=VIS-00001 | confidence=0.97
2026-10-03 00:14:37,474 | INFO | EVENT=EMBEDDING_GENERATED | metadata={"dim": 512, "fallback": true}
2026-10-03 00:14:37,474 | INFO | EVENT=RECOGNIZED | face_id=VIS-00001 | confidence=0.70
2026-10-03 00:14:37,482 | INFO | EVENT=TRACKING | track_id=1 | confidence=0.91 | metadata={"bbox": [257, 176, 345, 264]}
2026-10-03 00:14:37,482 | INFO | EVENT=TRACKING | track_id=2 | confidence=0.91 | metadata={"bbox": [438, 8, 524, 94]}
2026-10-03 00:14:37,503 | INFO | EVENT=EMBEDDING_GENERATED | metadata={"dim": 512, "fallback": true}
2026-10-03 00:14:37,506 | INFO | EVENT=RECOGNIZED | face_id=VIS-00001 | confidence=0.97
2026-10-03 00:14:37,528 | INFO | EVENT=EMBEDDING_GENERATED | metadata={"dim": 512, "fallback": true}
2026-10-03 00:14:37,528 | INFO | EVENT=RECOGNIZED | face_id=VIS-00001 | confidence=0.69
2026-10-03 00:14:37,535 | INFO | EVENT=TRACKING | track_id=1 | confidence=0.91 | metadata={"bbox": [257, 176, 345, 264]}
2026-10-03 00:14:37,535 | INFO | EVENT=TRACKING | track_id=2 | confidence=0.91 | metadata={"bbox": [438, 8, 524, 94]}
2026-10-03 00:14:37,552 | INFO | EVENT=EMBEDDING_GENERATED | metadata={"dim": 512, "fallback": true}
2026-10-03 00:14:37,552 | INFO | EVENT=RECOGNIZED | face_id=VIS-00001 | confidence=0.97
2026-10-03 00:14:37,569 | INFO | EVENT=EMBEDDING_GENERATED | metadata={"dim": 512, "fallback": true}
2026-10-03 00:14:37,570 | INFO | EVENT=RECOGNIZED | face_id=VIS-00001 | confidence=0.71
2026-10-03 00:14:37,575 | INFO | EVENT=TRACKING | track_id=1 | confidence=0.91 | metadata={"bbox": [257, 176, 345, 264]}
2026-10-03 00:14:37,575 | INFO | EVENT=TRACKING | track_id=2 | confidence=0.91 | metadata={"bbox": [438, 8, 524, 94]}
2026-10-03 00:14:37,594 | INFO | EVENT=EMBEDDING_GENERATED | metadata={"dim": 512, "fallback": true}
2026-10-03 00:14:37,595 | INFO | EVENT=RECOGNIZED | face_id=VIS-00001 | confidence=0.97
2026-10-03 00:14:37,612 | INFO | EVENT=EMBEDDING_GENERATED | metadata={"dim": 512, "fallback": true}
2026-10-03 00:14:37,613 | INFO | EVENT=RECOGNIZED | face_id=VIS-00001 | confidence=0.71
2026-10-03 00:14:37,749 | INFO | EVENT=FACE_DETECTED | confidence=0.91 | metadata={"frame": 67, "bbox": [435, 25, 523, 113]}
2026-10-03 00:14:37,749 | INFO | EVENT=FACE_DETECTED | confidence=0.91 | metadata={"frame": 67, "bbox": [257, 176, 345, 264]}
2026-10-03 00:14:37,750 | INFO | EVENT=TRACKING | track_id=2 | confidence=0.91 | metadata={"bbox": [435, 25, 523, 113]}
2026-10-03 00:14:37,750 | INFO | EVENT=TRACKING | track_id=1 | confidence=0.91 | metadata={"bbox": [257, 176, 345, 264]}
2026-10-03 00:14:37,770 | INFO | EVENT=EMBEDDING_GENERATED | metadata={"dim": 512, "fallback": true}
2026-10-03 00:14:37,771 | INFO | EVENT=RECOGNIZED | face_id=VIS-00001 | confidence=0.72
2026-10-03 00:14:37,792 | INFO | EVENT=EMBEDDING_GENERATED | metadata={"dim": 512, "fallback": true}
2026-10-03 00:14:37,792 | INFO | EVENT=RECOGNIZED | face_id=VIS-00001 | confidence=0.97
2026-10-03 00:14:37,798 | INFO | EVENT=TRACKING | track_id=2 | confidence=0.91 | metadata={"bbox": [435, 25, 523, 113]}
2026-10-03 00:14:37,798 | INFO | EVENT=TRACKING | track_id=1 | confidence=0.91 | metadata={"bbox": [257, 176, 345, 264]}
2026-10-03 00:14:37,818 | INFO | EVENT=EMBEDDING_GENERATED | metadata={"dim": 512, "fallback": true}
2026-10-03 00:14:37,818 | INFO | EVENT=RECOGNIZED | face_id=VIS-00001 | confidence=0.73
2026-10-03 00:14:37,842 | INFO | EVENT=EMBEDDING_GENERATED | metadata={"dim": 512, "fallback": true}
2026-10-03 00:14:37,843 | INFO | EVENT=RECOGNIZED | face_id=VIS-00001 | confidence=0.97
2026-10-03 00:14:37,850 | INFO | EVENT=TRACKING | track_id=2 | confidence=0.91 | metadata={"bbox": [435, 25, 523, 113]}
2026-10-03 00:14:37,850 | INFO | EVENT=TRACKING | track_id=1 | confidence=0.91 | metadata={"bbox": [257, 176, 345, 264]}
2026-10-03 00:14:37,871 | INFO | EVENT=EMBEDDING_GENERATED | metadata={"dim": 512, "fallback": true}
2026-10-03 00:14:37,871 | INFO | EVENT=RECOGNIZED | face_id=VIS-00001 | confidence=0.72
2026-10-03 00:14:37,891 | INFO | EVENT=EMBEDDING_GENERATED | metadata={"dim": 512, "fallback": true}
2026-10-03 00:14:37,891 | INFO | EVENT=RECOGNIZED | face_id=VIS-00001 | confidence=0.97
2026-10-03 00:14:37,899 | INFO | EVENT=TRACKING | track_id=2 | confidence=0.91 | metadata={"bbox": [435, 25, 523, 113]}
2026-10-03 00:14:37,899 | INFO | EVENT=TRACKING | track_id=1 | confidence=0.91 | metadata={"bbox": [257, 176, 345, 264]}
2026-10-03 00:14:37,920 | INFO | EVENT=EMBEDDING_GENERATED | metadata={"dim": 512, "fallback": true}
2026-10-03 00:14:37,921 | INFO | EVENT=RECOGNIZED | face_id=VIS-00001 | confidence=0.72
2026-10-03 00:14:37,940 | INFO | EVENT=EMBEDDING_GENERATED | metadata={"dim": 512, "fallback": true}
2026-10-03 00:14:37,941 | INFO | EVENT=RECOGNIZED | face_id=VIS-00001 | confidence=0.97
2026-10-03 00:14:37,948 | INFO | EVENT=TRACKING | track_id=2 | confidence=0.91 | metadata={"bbox": [435, 25, 523, 113]}
2026-10-03 00:14:37,948 | INFO | EVENT=TRACKING | track_id=1 | confidence=0.91 | metadata={"bbox": [257, 176, 345, 264]}
2026-10-03 00:14:37,965 | INFO | EVENT=EMBEDDING_GENERATED | metadata={"dim": 512, "fallback": true}
2026-10-03 00:14:37,965 | INFO | EVENT=RECOGNIZED | face_id=VIS-00001 | confidence=0.72
2026-10-03 00:14:37,981 | INFO | EVENT=EMBEDDING_GENERATED | metadata={"dim": 512, "fallback": true}
2026-10-03 00:14:37,981 | INFO | EVENT=RECOGNIZED | face_id=VIS-00001 | confidence=0.97
2026-10-03 00:14:37,987 | INFO | EVENT=TRACKING | track_id=2 | confidence=0.91 | metadata={"bbox": [435, 25, 523, 113]}
2026-10-03 00:14:37,987 | INFO | EVENT=TRACKING | track_id=1 | confidence=0.91 | metadata={"bbox": [257, 176, 345, 264]}
2026-10-03 00:14:38,004 | INFO | EVENT=EMBEDDING_GENERATED | metadata={"dim": 512, "fallback": true}
2026-10-03 00:14:38,005 | INFO | EVENT=RECOGNIZED | face_id=VIS-00001 | confidence=0.73
2026-10-03 00:14:38,021 | INFO | EVENT=EMBEDDING_GENERATED | metadata={"dim": 512, "fallback": true}
2026-10-03 00:14:38,022 | INFO | EVENT=RECOGNIZED | face_id=VIS-00001 | confidence=0.97
2026-10-03 00:14:38,151 | INFO | EVENT=FACE_DETECTED | confidence=0.91 | metadata={"frame": 73, "bbox": [257, 176, 345, 264]}
2026-10-03 00:14:38,151 | INFO | EVENT=FACE_DETECTED | confidence=0.91 | metadata={"frame": 73, "bbox": [436, 48, 522, 134]}
2026-10-03 00:14:38,154 | INFO | EVENT=TRACKING | track_id=1 | confidence=0.91 | metadata={"bbox": [257, 176, 345, 264]}
2026-10-03 00:14:38,154 | INFO | EVENT=TRACKING | track_id=2 | confidence=0.91 | metadata={"bbox": [436, 48, 522, 134]}
2026-10-03 00:14:38,174 | INFO | EVENT=EMBEDDING_GENERATED | metadata={"dim": 512, "fallback": true}
2026-10-03 00:14:38,174 | INFO | EVENT=RECOGNIZED | face_id=VIS-00001 | confidence=0.97
2026-10-03 00:14:38,198 | INFO | EVENT=EMBEDDING_GENERATED | metadata={"dim": 512, "fallback": true}
2026-10-03 00:14:38,199 | INFO | EVENT=RECOGNIZED | face_id=VIS-00001 | confidence=0.71
2026-10-03 00:14:38,206 | INFO | EVENT=TRACKING | track_id=1 | confidence=0.91 | metadata={"bbox": [257, 176, 345, 264]}
2026-10-03 00:14:38,206 | INFO | EVENT=TRACKING | track_id=2 | confidence=0.91 | metadata={"bbox": [436, 48, 522, 134]}
2026-10-03 00:14:38,227 | INFO | EVENT=EMBEDDING_GENERATED | metadata={"dim": 512, "fallback": true}
2026-10-03 00:14:38,227 | INFO | EVENT=RECOGNIZED | face_id=VIS-00001 | confidence=0.97
2026-10-03 00:14:38,250 | INFO | EVENT=EMBEDDING_GENERATED | metadata={"dim": 512, "fallback": true}
2026-10-03 00:14:38,251 | INFO | EVENT=RECOGNIZED | face_id=VIS-00001 | confidence=0.70
2026-10-03 00:14:38,256 | INFO | EVENT=TRACKING | track_id=1 | confidence=0.91 | metadata={"bbox": [257, 176, 345, 264]}
2026-10-03 00:14:38,257 | INFO | EVENT=TRACKING | track_id=2 | confidence=0.91 | metadata={"bbox": [436, 48, 522, 134]}
2026-10-03 00:14:38,279 | INFO | EVENT=EMBEDDING_GENERATED | metadata={"dim": 512, "fallback": true}
2026-10-03 00:14:38,279 | INFO | EVENT=RECOGNIZED | face_id=VIS-00001 | confidence=0.97
2026-10-03 00:14:38,304 | INFO | EVENT=EMBEDDING_GENERATED | metadata={"dim": 512, "fallback": true}
2026-10-03 00:14:38,304 | INFO | EVENT=RECOGNIZED | face_id=VIS-00001 | confidence=0.69
2026-10-03 00:14:38,312 | INFO | EVENT=TRACKING | track_id=1 | confidence=0.91 | metadata={"bbox": [257, 176, 345, 264]}
2026-10-03 00:14:38,312 | INFO | EVENT=TRACKING | track_id=2 | confidence=0.91 | metadata={"bbox": [436, 48, 522, 134]}
2026-10-03 00:14:38,333 | INFO | EVENT=EMBEDDING_GENERATED | metadata={"dim": 512, "fallback": true}
2026-10-03 00:14:38,333 | INFO | EVENT=RECOGNIZED | face_id=VIS-00001 | confidence=0.97
2026-10-03 00:14:38,353 | INFO | EVENT=EMBEDDING_GENERATED | metadata={"dim": 512, "fallback": true}
2026-10-03 00:14:38,353 | INFO | EVENT=RECOGNIZED | face_id=VIS-00001 | confidence=0.68
2026-10-03 00:14:38,359 | INFO | EVENT=TRACKING | track_id=1 | confidence=0.91 | metadata={"bbox": [257, 176, 345, 264]}
2026-10-03 00:14:38,359 | INFO | EVENT=TRACKING | track_id=2 | confidence=0.91 | metadata={"bbox": [436, 48, 522, 134]}
2026-10-03 00:14:38,376 | INFO | EVENT=EMBEDDING_GENERATED | metadata={"dim": 512, "fallback": true}
2026-10-03 00:14:38,376 | INFO | EVENT=RECOGNIZED | face_id=VIS-00001 | confidence=0.97
2026-10-03 00:14:38,395 | INFO | EVENT=EMBEDDING_GENERATED | metadata={"dim": 512, "fallback": true}
2026-10-03 00:14:38,395 | INFO | EVENT=RECOGNIZED | face_id=VIS-00001 | confidence=0.67
2026-10-03 00:14:38,400 | INFO | EVENT=TRACKING | track_id=1 | confidence=0.91 | metadata={"bbox": [257, 176, 345, 264]}
2026-10-03 00:14:38,401 | INFO | EVENT=TRACKING | track_id=2 | confidence=0.91 | metadata={"bbox": [436, 48, 522, 134]}
2026-10-03 00:14:38,416 | INFO | EVENT=EMBEDDING_GENERATED | metadata={"dim": 512, "fallback": true}
2026-10-03 00:14:38,416 | INFO | EVENT=RECOGNIZED | face_id=VIS-00001 | confidence=0.97
2026-10-03 00:14:38,434 | INFO | EVENT=EMBEDDING_GENERATED | metadata={"dim": 512, "fallback": true}
2026-10-03 00:14:38,434 | INFO | EVENT=RECOGNIZED | face_id=VIS-00001 | confidence=0.69
2026-10-03 00:14:38,562 | INFO | EVENT=FACE_DETECTED | confidence=0.91 | metadata={"frame": 79, "bbox": [257, 176, 345, 264]}
2026-10-03 00:14:38,562 | INFO | EVENT=FACE_DETECTED | confidence=0.91 | metadata={"frame": 79, "bbox": [435, 65, 523, 153]}
2026-10-03 00:14:38,564 | INFO | EVENT=TRACKING | track_id=1 | confidence=0.91 | metadata={"bbox": [257, 176, 345, 264]}
2026-10-03 00:14:38,565 | INFO | EVENT=TRACKING | track_id=2 | confidence=0.91 | metadata={"bbox": [435, 65, 523, 153]}
2026-10-03 00:14:38,587 | INFO | EVENT=EMBEDDING_GENERATED | metadata={"dim": 512, "fallback": true}
2026-10-03 00:14:38,587 | INFO | EVENT=RECOGNIZED | face_id=VIS-00001 | confidence=0.97
2026-10-03 00:14:38,607 | INFO | EVENT=EMBEDDING_GENERATED | metadata={"dim": 512, "fallback": true}
2026-10-03 00:14:38,608 | INFO | EVENT=RECOGNIZED | face_id=VIS-00001 | confidence=0.71
2026-10-03 00:14:38,614 | INFO | EVENT=TRACKING | track_id=1 | confidence=0.91 | metadata={"bbox": [257, 176, 345, 264]}
2026-10-03 00:14:38,614 | INFO | EVENT=TRACKING | track_id=2 | confidence=0.91 | metadata={"bbox": [435, 65, 523, 153]}
2026-10-03 00:14:38,635 | INFO | EVENT=EMBEDDING_GENERATED | metadata={"dim": 512, "fallback": true}
2026-10-03 00:14:38,636 | INFO | EVENT=RECOGNIZED | face_id=VIS-00001 | confidence=0.97
2026-10-03 00:14:38,657 | INFO | EVENT=EMBEDDING_GENERATED | metadata={"dim": 512, "fallback": true}
2026-10-03 00:14:38,658 | INFO | EVENT=RECOGNIZED | face_id=VIS-00001 | confidence=0.70
2026-10-03 00:14:38,665 | INFO | EVENT=TRACKING | track_id=1 | confidence=0.91 | metadata={"bbox": [257, 176, 345, 264]}
2026-10-03 00:14:38,665 | INFO | EVENT=TRACKING | track_id=2 | confidence=0.91 | metadata={"bbox": [435, 65, 523, 153]}
2026-10-03 00:14:38,687 | INFO | EVENT=EMBEDDING_GENERATED | metadata={"dim": 512, "fallback": true}
2026-10-03 00:14:38,688 | INFO | EVENT=RECOGNIZED | face_id=VIS-00001 | confidence=0.97
2026-10-03 00:14:38,708 | INFO | EVENT=EMBEDDING_GENERATED | metadata={"dim": 512, "fallback": true}
2026-10-03 00:14:38,709 | INFO | EVENT=RECOGNIZED | face_id=VIS-00001 | confidence=0.69
2026-10-03 00:14:38,716 | INFO | EVENT=TRACKING | track_id=1 | confidence=0.91 | metadata={"bbox": [257, 176, 345, 264]}
2026-10-03 00:14:38,716 | INFO | EVENT=TRACKING | track_id=2 | confidence=0.91 | metadata={"bbox": [435, 65, 523, 153]}
2026-10-03 00:14:38,739 | INFO | EVENT=EMBEDDING_GENERATED | metadata={"dim": 512, "fallback": true}
2026-10-03 00:14:38,740 | INFO | EVENT=RECOGNIZED | face_id=VIS-00001 | confidence=0.97
2026-10-03 00:14:38,762 | INFO | EVENT=EMBEDDING_GENERATED | metadata={"dim": 512, "fallback": true}
2026-10-03 00:14:38,763 | INFO | EVENT=RECOGNIZED | face_id=VIS-00001 | confidence=0.69
2026-10-03 00:14:38,768 | INFO | EVENT=TRACKING | track_id=1 | confidence=0.91 | metadata={"bbox": [257, 176, 345, 264]}
2026-10-03 00:14:38,768 | INFO | EVENT=TRACKING | track_id=2 | confidence=0.91 | metadata={"bbox": [435, 65, 523, 153]}
2026-10-03 00:14:38,784 | INFO | EVENT=EMBEDDING_GENERATED | metadata={"dim": 512, "fallback": true}
2026-10-03 00:14:38,784 | INFO | EVENT=RECOGNIZED | face_id=VIS-00001 | confidence=0.94
2026-10-03 00:14:38,802 | INFO | EVENT=EMBEDDING_GENERATED | metadata={"dim": 512, "fallback": true}
2026-10-03 00:14:38,803 | INFO | EVENT=RECOGNIZED | face_id=VIS-00001 | confidence=0.71
2026-10-03 00:14:38,809 | INFO | EVENT=TRACKING | track_id=1 | confidence=0.91 | metadata={"bbox": [257, 176, 345, 264]}
2026-10-03 00:14:38,809 | INFO | EVENT=TRACKING | track_id=2 | confidence=0.91 | metadata={"bbox": [435, 65, 523, 153]}
2026-10-03 00:14:38,829 | INFO | EVENT=EMBEDDING_GENERATED | metadata={"dim": 512, "fallback": true}
2026-10-03 00:14:38,830 | INFO | EVENT=RECOGNIZED | face_id=VIS-00001 | confidence=0.89
2026-10-03 00:14:38,848 | INFO | EVENT=EMBEDDING_GENERATED | metadata={"dim": 512, "fallback": true}
2026-10-03 00:14:38,848 | INFO | EVENT=RECOGNIZED | face_id=VIS-00001 | confidence=0.71
2026-10-03 00:14:38,975 | INFO | EVENT=FACE_DETECTED | confidence=0.91 | metadata={"frame": 85, "bbox": [435, 85, 523, 173]}
2026-10-03 00:14:38,975 | INFO | EVENT=FACE_DETECTED | confidence=0.91 | metadata={"frame": 85, "bbox": [297, 178, 383, 264]}
2026-10-03 00:14:38,977 | INFO | EVENT=TRACKING | track_id=2 | confidence=0.91 | metadata={"bbox": [435, 85, 523, 173]}
2026-10-03 00:14:38,978 | INFO | EVENT=TRACKING | track_id=1 | confidence=0.91 | metadata={"bbox": [297, 178, 383, 264]}
2026-10-03 00:14:38,995 | INFO | EVENT=EMBEDDING_GENERATED | metadata={"dim": 512, "fallback": true}
2026-10-03 00:14:38,995 | INFO | EVENT=RECOGNIZED | face_id=VIS-00001 | confidence=0.71
2026-10-03 00:14:39,015 | INFO | EVENT=EMBEDDING_GENERATED | metadata={"dim": 512, "fallback": true}
2026-10-03 00:14:39,015 | INFO | EVENT=RECOGNIZED | face_id=VIS-00001 | confidence=0.98
2026-10-03 00:14:39,021 | INFO | EVENT=TRACKING | track_id=2 | confidence=0.91 | metadata={"bbox": [435, 85, 523, 173]}
2026-10-03 00:14:39,021 | INFO | EVENT=TRACKING | track_id=1 | confidence=0.91 | metadata={"bbox": [297, 178, 383, 264]}
2026-10-03 00:14:39,043 | INFO | EVENT=EMBEDDING_GENERATED | metadata={"dim": 512, "fallback": true}
2026-10-03 00:14:39,043 | INFO | EVENT=RECOGNIZED | face_id=VIS-00001 | confidence=0.71
2026-10-03 00:14:39,067 | INFO | EVENT=EMBEDDING_GENERATED | metadata={"dim": 512, "fallback": true}
2026-10-03 00:14:39,067 | INFO | EVENT=RECOGNIZED | face_id=VIS-00001 | confidence=0.97
2026-10-03 00:14:39,073 | INFO | EVENT=TRACKING | track_id=2 | confidence=0.91 | metadata={"bbox": [435, 85, 523, 173]}
2026-10-03 00:14:39,074 | INFO | EVENT=TRACKING | track_id=1 | confidence=0.91 | metadata={"bbox": [297, 178, 383, 264]}
2026-10-03 00:14:39,096 | INFO | EVENT=EMBEDDING_GENERATED | metadata={"dim": 512, "fallback": true}
2026-10-03 00:14:39,096 | INFO | EVENT=RECOGNIZED | face_id=VIS-00001 | confidence=0.72
2026-10-03 00:14:39,119 | INFO | EVENT=EMBEDDING_GENERATED | metadata={"dim": 512, "fallback": true}
2026-10-03 00:14:39,119 | INFO | EVENT=RECOGNIZED | face_id=VIS-00001 | confidence=0.94
2026-10-03 00:14:39,126 | INFO | EVENT=TRACKING | track_id=2 | confidence=0.91 | metadata={"bbox": [435, 85, 523, 173]}
2026-10-03 00:14:39,126 | INFO | EVENT=TRACKING | track_id=1 | confidence=0.91 | metadata={"bbox": [297, 178, 383, 264]}
2026-10-03 00:14:39,147 | INFO | EVENT=EMBEDDING_GENERATED | metadata={"dim": 512, "fallback": true}
2026-10-03 00:14:39,147 | INFO | EVENT=RECOGNIZED | face_id=VIS-00001 | confidence=0.72
2026-10-03 00:14:39,172 | INFO | EVENT=EMBEDDING_GENERATED | metadata={"dim": 512, "fallback": true}
2026-10-03 00:14:39,172 | INFO | EVENT=RECOGNIZED | face_id=VIS-00001 | confidence=0.89
2026-10-03 00:14:39,178 | INFO | EVENT=TRACKING | track_id=2 | confidence=0.91 | metadata={"bbox": [435, 85, 523, 173]}
2026-10-03 00:14:39,179 | INFO | EVENT=TRACKING | track_id=1 | confidence=0.91 | metadata={"bbox": [297, 178, 383, 264]}
2026-10-03 00:14:39,196 | INFO | EVENT=EMBEDDING_GENERATED | metadata={"dim": 512, "fallback": true}
2026-10-03 00:14:39,197 | INFO | EVENT=RECOGNIZED | face_id=VIS-00001 | confidence=0.73
2026-10-03 00:14:39,214 | INFO | EVENT=EMBEDDING_GENERATED | metadata={"dim": 512, "fallback": true}
2026-10-03 00:14:39,214 | INFO | EVENT=RECOGNIZED | face_id=VIS-00001 | confidence=0.83
2026-10-03 00:14:39,219 | INFO | EVENT=TRACKING | track_id=2 | confidence=0.91 | metadata={"bbox": [435, 85, 523, 173]}
2026-10-03 00:14:39,220 | INFO | EVENT=TRACKING | track_id=1 | confidence=0.91 | metadata={"bbox": [297, 178, 383, 264]}
2026-10-03 00:14:39,235 | INFO | EVENT=EMBEDDING_GENERATED | metadata={"dim": 512, "fallback": true}
2026-10-03 00:14:39,235 | INFO | EVENT=RECOGNIZED | face_id=VIS-00001 | confidence=0.73
2026-10-03 00:14:39,253 | INFO | EVENT=EMBEDDING_GENERATED | metadata={"dim": 512, "fallback": true}
2026-10-03 00:14:39,253 | INFO | EVENT=RECOGNIZED | face_id=VIS-00001 | confidence=0.78
2026-10-03 00:14:39,752 | INFO | EVENT=FACE_DETECTED | confidence=0.91 | metadata={"frame": 91, "bbox": [437, 105, 525, 193]}
2026-10-03 00:14:39,752 | INFO | EVENT=FACE_DETECTED | confidence=0.91 | metadata={"frame": 91, "bbox": [358, 179, 442, 263]}
2026-10-03 00:14:39,754 | INFO | EVENT=TRACKING | track_id=2 | confidence=0.91 | metadata={"bbox": [437, 105, 525, 193]}
2026-10-03 00:14:39,772 | INFO | EVENT=EMBEDDING_GENERATED | metadata={"dim": 512, "fallback": true}
2026-10-03 00:14:39,772 | INFO | EVENT=RECOGNIZED | face_id=VIS-00001 | confidence=0.72
2026-10-03 00:14:39,783 | INFO | EVENT=TRACKING | track_id=2 | confidence=0.91 | metadata={"bbox": [437, 105, 525, 193]}
2026-10-03 00:14:39,783 | INFO | EVENT=TRACKING | track_id=1 | confidence=0.91 | metadata={"bbox": [358, 179, 442, 263]}
2026-10-03 00:14:39,805 | INFO | EVENT=EMBEDDING_GENERATED | metadata={"dim": 512, "fallback": true}
2026-10-03 00:14:39,805 | INFO | EVENT=RECOGNIZED | face_id=VIS-00001 | confidence=0.73
2026-10-03 00:14:39,833 | INFO | EVENT=EMBEDDING_GENERATED | metadata={"dim": 512, "fallback": true}
2026-10-03 00:14:39,834 | INFO | EVENT=RECOGNIZED | face_id=VIS-00001 | confidence=0.98
2026-10-03 00:14:39,841 | INFO | EVENT=TRACKING | track_id=2 | confidence=0.91 | metadata={"bbox": [437, 105, 525, 193]}
2026-10-03 00:14:39,841 | INFO | EVENT=TRACKING | track_id=1 | confidence=0.91 | metadata={"bbox": [358, 179, 442, 263]}
2026-10-03 00:14:39,861 | INFO | EVENT=EMBEDDING_GENERATED | metadata={"dim": 512, "fallback": true}
2026-10-03 00:14:39,861 | INFO | EVENT=RECOGNIZED | face_id=VIS-00001 | confidence=0.73
2026-10-03 00:14:39,883 | INFO | EVENT=EMBEDDING_GENERATED | metadata={"dim": 512, "fallback": true}
2026-10-03 00:14:39,883 | INFO | EVENT=RECOGNIZED | face_id=VIS-00001 | confidence=0.95
2026-10-03 00:14:39,890 | INFO | EVENT=TRACKING | track_id=2 | confidence=0.91 | metadata={"bbox": [437, 105, 525, 193]}
2026-10-03 00:14:39,890 | INFO | EVENT=TRACKING | track_id=1 | confidence=0.91 | metadata={"bbox": [358, 179, 442, 263]}
2026-10-03 00:14:39,910 | INFO | EVENT=EMBEDDING_GENERATED | metadata={"dim": 512, "fallback": true}
2026-10-03 00:14:39,910 | INFO | EVENT=RECOGNIZED | face_id=VIS-00001 | confidence=0.72
2026-10-03 00:14:39,932 | INFO | EVENT=EMBEDDING_GENERATED | metadata={"dim": 512, "fallback": true}
2026-10-03 00:14:39,932 | INFO | EVENT=RECOGNIZED | face_id=VIS-00001 | confidence=0.89
2026-10-03 00:14:39,939 | INFO | EVENT=TRACKING | track_id=2 | confidence=0.91 | metadata={"bbox": [437, 105, 525, 193]}
2026-10-03 00:14:39,939 | INFO | EVENT=TRACKING | track_id=1 | confidence=0.91 | metadata={"bbox": [358, 179, 442, 263]}
2026-10-03 00:14:39,957 | INFO | EVENT=EMBEDDING_GENERATED | metadata={"dim": 512, "fallback": true}
2026-10-03 00:14:39,958 | INFO | EVENT=RECOGNIZED | face_id=VIS-00001 | confidence=0.72
2026-10-03 00:14:39,977 | INFO | EVENT=EMBEDDING_GENERATED | metadata={"dim": 512, "fallback": true}
2026-10-03 00:14:39,977 | INFO | EVENT=RECOGNIZED | face_id=VIS-00001 | confidence=0.83
2026-10-03 00:14:39,982 | INFO | EVENT=TRACKING | track_id=2 | confidence=0.91 | metadata={"bbox": [437, 105, 525, 193]}
2026-10-03 00:14:39,983 | INFO | EVENT=TRACKING | track_id=1 | confidence=0.91 | metadata={"bbox": [358, 179, 442, 263]}
2026-10-03 00:14:40,026 | INFO | EVENT=EMBEDDING_GENERATED | metadata={"dim": 512, "fallback": true}
2026-10-03 00:14:40,027 | INFO | EVENT=RECOGNIZED | face_id=VIS-00001 | confidence=0.73
2026-10-03 00:14:40,053 | INFO | EVENT=EMBEDDING_GENERATED | metadata={"dim": 512, "fallback": true}
2026-10-03 00:14:40,053 | INFO | EVENT=RECOGNIZED | face_id=VIS-00001 | confidence=0.77
2026-10-03 00:14:40,188 | INFO | EVENT=FACE_DETECTED | confidence=0.91 | metadata={"frame": 97, "bbox": [437, 125, 525, 213]}
2026-10-03 00:14:40,190 | INFO | EVENT=TRACKING | track_id=2 | confidence=0.91 | metadata={"bbox": [437, 125, 525, 213]}
2026-10-03 00:14:40,211 | INFO | EVENT=EMBEDDING_GENERATED | metadata={"dim": 512, "fallback": true}
2026-10-03 00:14:40,211 | INFO | EVENT=RECOGNIZED | face_id=VIS-00001 | confidence=0.72
2026-10-03 00:14:40,217 | INFO | EVENT=TRACKING | track_id=2 | confidence=0.91 | metadata={"bbox": [437, 125, 525, 213]}
2026-10-03 00:14:40,238 | INFO | EVENT=EMBEDDING_GENERATED | metadata={"dim": 512, "fallback": true}
2026-10-03 00:14:40,239 | INFO | EVENT=RECOGNIZED | face_id=VIS-00001 | confidence=0.71
2026-10-03 00:14:40,247 | INFO | EVENT=TRACKING | track_id=2 | confidence=0.91 | metadata={"bbox": [437, 125, 525, 213]}
2026-10-03 00:14:40,269 | INFO | EVENT=EMBEDDING_GENERATED | metadata={"dim": 512, "fallback": true}
2026-10-03 00:14:40,269 | INFO | EVENT=RECOGNIZED | face_id=VIS-00001 | confidence=0.69
2026-10-03 00:14:40,276 | INFO | EVENT=TRACKING | track_id=2 | confidence=0.91 | metadata={"bbox": [437, 125, 525, 213]}
2026-10-03 00:14:40,298 | INFO | EVENT=EMBEDDING_GENERATED | metadata={"dim": 512, "fallback": true}
2026-10-03 00:14:40,298 | INFO | EVENT=RECOGNIZED | face_id=VIS-00001 | confidence=0.70
2026-10-03 00:14:40,305 | INFO | EVENT=TRACKING | track_id=2 | confidence=0.91 | metadata={"bbox": [437, 125, 525, 213]}
2026-10-03 00:14:40,325 | INFO | EVENT=EMBEDDING_GENERATED | metadata={"dim": 512, "fallback": true}
2026-10-03 00:14:40,325 | INFO | EVENT=RECOGNIZED | face_id=VIS-00001 | confidence=0.69
2026-10-03 00:14:40,331 | INFO | EVENT=TRACKING | track_id=2 | confidence=0.91 | metadata={"bbox": [437, 125, 525, 213]}
2026-10-03 00:14:40,354 | INFO | EVENT=EMBEDDING_GENERATED | metadata={"dim": 512, "fallback": true}
2026-10-03 00:14:40,355 | INFO | EVENT=RECOGNIZED | face_id=VIS-00001 | confidence=0.71
2026-10-03 00:14:40,491 | INFO | EVENT=FACE_DETECTED | confidence=0.91 | metadata={"frame": 103, "bbox": [435, 145, 527, 237]}
2026-10-03 00:14:40,493 | INFO | EVENT=TRACKING | track_id=2 | confidence=0.91 | metadata={"bbox": [435, 145, 527, 237]}
2026-10-03 00:14:40,517 | INFO | EVENT=EMBEDDING_GENERATED | metadata={"dim": 512, "fallback": true}
2026-10-03 00:14:40,517 | INFO | EVENT=RECOGNIZED | face_id=VIS-00001 | confidence=0.76
2026-10-03 00:14:40,523 | INFO | EVENT=TRACKING | track_id=2 | confidence=0.91 | metadata={"bbox": [435, 145, 527, 237]}
2026-10-03 00:14:40,546 | INFO | EVENT=EMBEDDING_GENERATED | metadata={"dim": 512, "fallback": true}
2026-10-03 00:14:40,547 | INFO | EVENT=RECOGNIZED | face_id=VIS-00001 | confidence=0.76
2026-10-03 00:14:40,554 | INFO | EVENT=TRACKING | track_id=2 | confidence=0.91 | metadata={"bbox": [435, 145, 527, 237]}
2026-10-03 00:14:40,576 | INFO | EVENT=EMBEDDING_GENERATED | metadata={"dim": 512, "fallback": true}
2026-10-03 00:14:40,576 | INFO | EVENT=RECOGNIZED | face_id=VIS-00001 | confidence=0.75
2026-10-03 00:14:40,582 | INFO | EVENT=TRACKING | track_id=2 | confidence=0.91 | metadata={"bbox": [435, 145, 527, 237]}
2026-10-03 00:14:40,603 | INFO | EVENT=EMBEDDING_GENERATED | metadata={"dim": 512, "fallback": true}
2026-10-03 00:14:40,605 | INFO | EVENT=RECOGNIZED | face_id=VIS-00001 | confidence=0.75
2026-10-03 00:14:40,612 | INFO | EVENT=TRACKING | track_id=2 | confidence=0.91 | metadata={"bbox": [435, 145, 527, 237]}
2026-10-03 00:14:40,635 | INFO | EVENT=EMBEDDING_GENERATED | metadata={"dim": 512, "fallback": true}
2026-10-03 00:14:40,635 | INFO | EVENT=RECOGNIZED | face_id=VIS-00001 | confidence=0.77
2026-10-03 00:14:40,642 | INFO | EVENT=TRACKING | track_id=2 | confidence=0.91 | metadata={"bbox": [435, 145, 527, 237]}
2026-10-03 00:14:40,666 | INFO | EVENT=EMBEDDING_GENERATED | metadata={"dim": 512, "fallback": true}
2026-10-03 00:14:40,666 | INFO | EVENT=RECOGNIZED | face_id=VIS-00001 | confidence=0.75
2026-10-03 00:14:40,799 | INFO | EVENT=FACE_DETECTED | confidence=0.91 | metadata={"frame": 109, "bbox": [537, 178, 623, 264]}
2026-10-03 00:14:40,799 | INFO | EVENT=FACE_DETECTED | confidence=0.91 | metadata={"frame": 109, "bbox": [437, 167, 525, 255]}
2026-10-03 00:14:40,801 | INFO | EVENT=TRACKING | track_id=1 | confidence=0.91 | metadata={"bbox": [437, 167, 525, 255]}
2026-10-03 00:14:40,823 | INFO | EVENT=EMBEDDING_GENERATED | metadata={"dim": 512, "fallback": true}
2026-10-03 00:14:40,823 | INFO | EVENT=RECOGNIZED | face_id=VIS-00001 | confidence=0.70
2026-10-03 00:14:40,831 | INFO | EVENT=TRACKING | track_id=3 | confidence=0.91 | metadata={"bbox": [537, 178, 623, 264]}
2026-10-03 00:14:40,833 | INFO | EVENT=TRACKING | track_id=1 | confidence=0.91 | metadata={"bbox": [437, 167, 525, 255]}
2026-10-03 00:14:40,855 | INFO | EVENT=EMBEDDING_GENERATED | metadata={"dim": 512, "fallback": true}
2026-10-03 00:14:40,855 | INFO | EVENT=RECOGNIZED | face_id=VIS-00001 | confidence=0.98
2026-10-03 00:14:40,880 | INFO | EVENT=EMBEDDING_GENERATED | metadata={"dim": 512, "fallback": true}
2026-10-03 00:14:40,880 | INFO | EVENT=RECOGNIZED | face_id=VIS-00001 | confidence=0.71
2026-10-03 00:14:40,888 | INFO | EVENT=TRACKING | track_id=3 | confidence=0.91 | metadata={"bbox": [537, 178, 623, 264]}
2026-10-03 00:14:40,888 | INFO | EVENT=TRACKING | track_id=1 | confidence=0.91 | metadata={"bbox": [437, 167, 525, 255]}
2026-10-03 00:14:40,912 | INFO | EVENT=EMBEDDING_GENERATED | metadata={"dim": 512, "fallback": true}
2026-10-03 00:14:40,912 | INFO | EVENT=RECOGNIZED | face_id=VIS-00001 | confidence=0.95
2026-10-03 00:14:40,937 | INFO | EVENT=EMBEDDING_GENERATED | metadata={"dim": 512, "fallback": true}
2026-10-03 00:14:40,937 | INFO | EVENT=RECOGNIZED | face_id=VIS-00001 | confidence=0.72
2026-10-03 00:14:40,945 | INFO | EVENT=TRACKING | track_id=3 | confidence=0.91 | metadata={"bbox": [537, 178, 623, 264]}
2026-10-03 00:14:40,945 | INFO | EVENT=TRACKING | track_id=1 | confidence=0.91 | metadata={"bbox": [437, 167, 525, 255]}
2026-10-03 00:14:40,967 | INFO | EVENT=EMBEDDING_GENERATED | metadata={"dim": 512, "fallback": true}
2026-10-03 00:14:40,967 | INFO | EVENT=RECOGNIZED | face_id=VIS-00001 | confidence=0.90
2026-10-03 00:14:40,990 | INFO | EVENT=EMBEDDING_GENERATED | metadata={"dim": 512, "fallback": true}
2026-10-03 00:14:40,991 | INFO | EVENT=RECOGNIZED | face_id=VIS-00001 | confidence=0.71
2026-10-03 00:14:40,998 | INFO | EVENT=TRACKING | track_id=3 | confidence=0.91 | metadata={"bbox": [537, 178, 623, 264]}
2026-10-03 00:14:40,998 | INFO | EVENT=TRACKING | track_id=2 | confidence=0.91 | metadata={"bbox": [437, 167, 525, 255]}
2026-10-03 00:14:41,015 | INFO | EVENT=EMBEDDING_GENERATED | metadata={"dim": 512, "fallback": true}
2026-10-03 00:14:41,015 | INFO | EVENT=RECOGNIZED | face_id=VIS-00001 | confidence=0.84
2026-10-03 00:14:41,035 | INFO | EVENT=EMBEDDING_GENERATED | metadata={"dim": 512, "fallback": true}
2026-10-03 00:14:41,036 | INFO | EVENT=RECOGNIZED | face_id=VIS-00001 | confidence=0.72
2026-10-03 00:14:41,040 | INFO | EVENT=TRACKING | track_id=3 | confidence=0.91 | metadata={"bbox": [537, 178, 623, 264]}
2026-10-03 00:14:41,041 | INFO | EVENT=TRACKING | track_id=2 | confidence=0.91 | metadata={"bbox": [437, 167, 525, 255]}
2026-10-03 00:14:41,057 | INFO | EVENT=EMBEDDING_GENERATED | metadata={"dim": 512, "fallback": true}
2026-10-03 00:14:41,057 | INFO | EVENT=RECOGNIZED | face_id=VIS-00001 | confidence=0.79
2026-10-03 00:14:41,077 | INFO | EVENT=EMBEDDING_GENERATED | metadata={"dim": 512, "fallback": true}
2026-10-03 00:14:41,077 | INFO | EVENT=RECOGNIZED | face_id=VIS-00001 | confidence=0.72
2026-10-03 00:14:41,209 | INFO | EVENT=FACE_DETECTED | confidence=0.91 | metadata={"frame": 115, "bbox": [435, 185, 523, 273]}
2026-10-03 00:14:41,209 | INFO | EVENT=FACE_DETECTED | confidence=0.91 | metadata={"frame": 115, "bbox": [596, 176, 640, 264]}
2026-10-03 00:14:41,211 | INFO | EVENT=TRACKING | track_id=2 | confidence=0.91 | metadata={"bbox": [435, 185, 523, 273]}
2026-10-03 00:14:41,212 | INFO | EVENT=TRACKING | track_id=3 | confidence=0.91 | metadata={"bbox": [596, 176, 640, 264]}
2026-10-03 00:14:41,231 | INFO | EVENT=EMBEDDING_GENERATED | metadata={"dim": 512, "fallback": true}
2026-10-03 00:14:41,231 | INFO | EVENT=RECOGNIZED | face_id=VIS-00001 | confidence=0.72
2026-10-03 00:14:41,251 | INFO | EVENT=EMBEDDING_GENERATED | metadata={"dim": 512, "fallback": true}
2026-10-03 00:14:41,251 | INFO | EVENT=RECOGNIZED | face_id=VIS-00001 | confidence=0.96
2026-10-03 00:14:41,256 | INFO | EVENT=TRACKING | track_id=2 | confidence=0.91 | metadata={"bbox": [435, 185, 523, 273]}
2026-10-03 00:14:41,257 | INFO | EVENT=TRACKING | track_id=3 | confidence=0.91 | metadata={"bbox": [596, 176, 640, 264]}
2026-10-03 00:14:41,279 | INFO | EVENT=EMBEDDING_GENERATED | metadata={"dim": 512, "fallback": true}
2026-10-03 00:14:41,279 | INFO | EVENT=RECOGNIZED | face_id=VIS-00001 | confidence=0.73
2026-10-03 00:14:41,302 | INFO | EVENT=EMBEDDING_GENERATED | metadata={"dim": 512, "fallback": true}
2026-10-03 00:14:41,302 | INFO | EVENT=RECOGNIZED | face_id=VIS-00001 | confidence=0.91
2026-10-03 00:14:41,309 | INFO | EVENT=TRACKING | track_id=2 | confidence=0.91 | metadata={"bbox": [435, 185, 523, 273]}
2026-10-03 00:14:41,309 | INFO | EVENT=TRACKING | track_id=3 | confidence=0.91 | metadata={"bbox": [596, 176, 640, 264]}
2026-10-03 00:14:41,330 | INFO | EVENT=EMBEDDING_GENERATED | metadata={"dim": 512, "fallback": true}
2026-10-03 00:14:41,332 | INFO | EVENT=RECOGNIZED | face_id=VIS-00001 | confidence=0.72
2026-10-03 00:14:41,354 | INFO | EVENT=EMBEDDING_GENERATED | metadata={"dim": 512, "fallback": true}
2026-10-03 00:14:41,354 | INFO | EVENT=RECOGNIZED | face_id=VIS-00001 | confidence=0.79
2026-10-03 00:14:41,361 | INFO | EVENT=TRACKING | track_id=2 | confidence=0.91 | metadata={"bbox": [435, 185, 523, 273]}
2026-10-03 00:14:41,362 | INFO | EVENT=TRACKING | track_id=3 | confidence=0.91 | metadata={"bbox": [596, 176, 640, 264]}
2026-10-03 00:14:41,383 | INFO | EVENT=EMBEDDING_GENERATED | metadata={"dim": 512, "fallback": true}
2026-10-03 00:14:41,383 | INFO | EVENT=RECOGNIZED | face_id=VIS-00001 | confidence=0.71
2026-10-03 00:14:41,406 | INFO | EVENT=EMBEDDING_GENERATED | metadata={"dim": 512, "fallback": true}
2026-10-03 00:14:41,407 | INFO | EVENT=RECOGNIZED | face_id=VIS-00001 | confidence=0.68
2026-10-03 00:14:41,413 | INFO | EVENT=TRACKING | track_id=2 | confidence=0.91 | metadata={"bbox": [435, 185, 523, 273]}
2026-10-03 00:14:41,413 | INFO | EVENT=TRACKING | track_id=3 | confidence=0.91 | metadata={"bbox": [596, 176, 640, 264]}
2026-10-03 00:14:41,431 | INFO | EVENT=EMBEDDING_GENERATED | metadata={"dim": 512, "fallback": true}
2026-10-03 00:14:41,431 | INFO | EVENT=RECOGNIZED | face_id=VIS-00001 | confidence=0.72
2026-10-03 00:14:41,449 | INFO | EVENT=EMBEDDING_GENERATED | metadata={"dim": 512, "fallback": true}
2026-10-03 00:14:41,449 | INFO | EVENT=RECOGNIZED | face_id=VIS-00001 | confidence=0.63
2026-10-03 00:14:41,455 | INFO | EVENT=TRACKING | track_id=2 | confidence=0.91 | metadata={"bbox": [435, 185, 523, 273]}
2026-10-03 00:14:41,455 | INFO | EVENT=TRACKING | track_id=3 | confidence=0.91 | metadata={"bbox": [596, 176, 640, 264]}
2026-10-03 00:14:41,472 | INFO | EVENT=EMBEDDING_GENERATED | metadata={"dim": 512, "fallback": true}
2026-10-03 00:14:41,473 | INFO | EVENT=RECOGNIZED | face_id=VIS-00001 | confidence=0.73
2026-10-03 00:14:41,495 | INFO | EVENT=EMBEDDING_GENERATED | metadata={"dim": 512, "fallback": true}
2026-10-03 00:14:41,496 | INFO | EVENT=RECOGNIZED | face_id=VIS-00001 | confidence=0.62
2026-10-03 00:14:41,838 | INFO | EVENT=FACE_DETECTED | confidence=0.91 | metadata={"frame": 121, "bbox": [435, 206, 523, 294]}
2026-10-03 00:14:41,840 | INFO | EVENT=TRACKING | track_id=2 | confidence=0.91 | metadata={"bbox": [435, 206, 523, 294]}
2026-10-03 00:14:41,863 | INFO | EVENT=EMBEDDING_GENERATED | metadata={"dim": 512, "fallback": true}
2026-10-03 00:14:41,863 | INFO | EVENT=RECOGNIZED | face_id=VIS-00001 | confidence=0.72
2026-10-03 00:14:41,869 | INFO | EVENT=TRACKING | track_id=2 | confidence=0.91 | metadata={"bbox": [435, 206, 523, 294]}
2026-10-03 00:14:41,903 | INFO | EVENT=EMBEDDING_GENERATED | metadata={"dim": 512, "fallback": true}
2026-10-03 00:14:41,905 | INFO | EVENT=RECOGNIZED | face_id=VIS-00001 | confidence=0.71
2026-10-03 00:14:41,911 | INFO | EVENT=TRACKING | track_id=2 | confidence=0.91 | metadata={"bbox": [435, 206, 523, 294]}
2026-10-03 00:14:41,947 | INFO | EVENT=EMBEDDING_GENERATED | metadata={"dim": 512, "fallback": true}
2026-10-03 00:14:41,947 | INFO | EVENT=RECOGNIZED | face_id=VIS-00001 | confidence=0.70
2026-10-03 00:14:41,955 | INFO | EVENT=TRACKING | track_id=2 | confidence=0.91 | metadata={"bbox": [435, 206, 523, 294]}
2026-10-03 00:14:41,979 | INFO | EVENT=EMBEDDING_GENERATED | metadata={"dim": 512, "fallback": true}
2026-10-03 00:14:41,979 | INFO | EVENT=RECOGNIZED | face_id=VIS-00001 | confidence=0.70
2026-10-03 00:14:41,986 | INFO | EVENT=TRACKING | track_id=2 | confidence=0.91 | metadata={"bbox": [435, 206, 523, 294]}
2026-10-03 00:14:42,008 | INFO | EVENT=EMBEDDING_GENERATED | metadata={"dim": 512, "fallback": true}
2026-10-03 00:14:42,008 | INFO | EVENT=RECOGNIZED | face_id=VIS-00001 | confidence=0.69
2026-10-03 00:14:42,015 | INFO | EVENT=TRACKING | track_id=2 | confidence=0.91 | metadata={"bbox": [435, 206, 523, 294]}
2026-10-03 00:14:42,038 | INFO | EVENT=EMBEDDING_GENERATED | metadata={"dim": 512, "fallback": true}
2026-10-03 00:14:42,038 | INFO | EVENT=RECOGNIZED | face_id=VIS-00001 | confidence=0.71
2026-10-03 00:14:42,171 | INFO | EVENT=FACE_DETECTED | confidence=0.53 | metadata={"frame": 127, "bbox": [434, 226, 527, 315]}
2026-10-03 00:14:42,173 | INFO | EVENT=TRACKING | track_id=2 | confidence=0.53 | metadata={"bbox": [434, 226, 527, 315]}
2026-10-03 00:14:42,194 | INFO | EVENT=EMBEDDING_GENERATED | metadata={"dim": 512, "fallback": true}
2026-10-03 00:14:42,194 | INFO | EVENT=RECOGNIZED | face_id=VIS-00001 | confidence=0.73
2026-10-03 00:14:42,202 | INFO | EVENT=TRACKING | track_id=2 | confidence=0.53 | metadata={"bbox": [434, 226, 527, 315]}
2026-10-03 00:14:42,225 | INFO | EVENT=EMBEDDING_GENERATED | metadata={"dim": 512, "fallback": true}
2026-10-03 00:14:42,225 | INFO | EVENT=RECOGNIZED | face_id=VIS-00001 | confidence=0.73
2026-10-03 00:14:42,233 | INFO | EVENT=TRACKING | track_id=2 | confidence=0.53 | metadata={"bbox": [434, 226, 527, 315]}
2026-10-03 00:14:42,255 | INFO | EVENT=EMBEDDING_GENERATED | metadata={"dim": 512, "fallback": true}
2026-10-03 00:14:42,255 | INFO | EVENT=RECOGNIZED | face_id=VIS-00001 | confidence=0.72
2026-10-03 00:14:42,262 | INFO | EVENT=TRACKING | track_id=2 | confidence=0.53 | metadata={"bbox": [434, 226, 527, 315]}
2026-10-03 00:14:42,286 | INFO | EVENT=EMBEDDING_GENERATED | metadata={"dim": 512, "fallback": true}
2026-10-03 00:14:42,286 | INFO | EVENT=RECOGNIZED | face_id=VIS-00001 | confidence=0.72
2026-10-03 00:14:42,293 | INFO | EVENT=TRACKING | track_id=2 | confidence=0.53 | metadata={"bbox": [434, 226, 527, 315]}
2026-10-03 00:14:42,315 | INFO | EVENT=EMBEDDING_GENERATED | metadata={"dim": 512, "fallback": true}
2026-10-03 00:14:42,316 | INFO | EVENT=RECOGNIZED | face_id=VIS-00001 | confidence=0.73
2026-10-03 00:14:42,322 | INFO | EVENT=TRACKING | track_id=2 | confidence=0.53 | metadata={"bbox": [434, 226, 527, 315]}
2026-10-03 00:14:42,343 | INFO | EVENT=EMBEDDING_GENERATED | metadata={"dim": 512, "fallback": true}
2026-10-03 00:14:42,344 | INFO | EVENT=RECOGNIZED | face_id=VIS-00001 | confidence=0.72
2026-10-03 00:14:42,477 | INFO | EVENT=FACE_DETECTED | confidence=0.91 | metadata={"frame": 133, "bbox": [438, 248, 524, 334]}
2026-10-03 00:14:42,480 | INFO | EVENT=TRACKING | track_id=2 | confidence=0.91 | metadata={"bbox": [438, 248, 524, 334]}
2026-10-03 00:14:42,502 | INFO | EVENT=EMBEDDING_GENERATED | metadata={"dim": 512, "fallback": true}
2026-10-03 00:14:42,503 | INFO | EVENT=RECOGNIZED | face_id=VIS-00001 | confidence=0.69
2026-10-03 00:14:42,512 | INFO | EVENT=TRACKING | track_id=2 | confidence=0.91 | metadata={"bbox": [438, 248, 524, 334]}
2026-10-03 00:14:42,533 | INFO | EVENT=EMBEDDING_GENERATED | metadata={"dim": 512, "fallback": true}
2026-10-03 00:14:42,533 | INFO | EVENT=RECOGNIZED | face_id=VIS-00001 | confidence=0.69
2026-10-03 00:14:42,540 | INFO | EVENT=TRACKING | track_id=2 | confidence=0.91 | metadata={"bbox": [438, 248, 524, 334]}
2026-10-03 00:14:42,566 | INFO | EVENT=EMBEDDING_GENERATED | metadata={"dim": 512, "fallback": true}
2026-10-03 00:14:42,566 | INFO | EVENT=RECOGNIZED | face_id=VIS-00001 | confidence=0.70
2026-10-03 00:14:42,574 | INFO | EVENT=TRACKING | track_id=2 | confidence=0.91 | metadata={"bbox": [438, 248, 524, 334]}
2026-10-03 00:14:42,597 | INFO | EVENT=EMBEDDING_GENERATED | metadata={"dim": 512, "fallback": true}
2026-10-03 00:14:42,598 | INFO | EVENT=RECOGNIZED | face_id=VIS-00001 | confidence=0.70
2026-10-03 00:14:42,604 | INFO | EVENT=TRACKING | track_id=2 | confidence=0.91 | metadata={"bbox": [438, 248, 524, 334]}
2026-10-03 00:14:42,630 | INFO | EVENT=EMBEDDING_GENERATED | metadata={"dim": 512, "fallback": true}
2026-10-03 00:14:42,630 | INFO | EVENT=RECOGNIZED | face_id=VIS-00001 | confidence=0.71
2026-10-03 00:14:42,638 | INFO | EVENT=TRACKING | track_id=2 | confidence=0.91 | metadata={"bbox": [438, 248, 524, 334]}
2026-10-03 00:14:42,662 | INFO | EVENT=EMBEDDING_GENERATED | metadata={"dim": 512, "fallback": true}
2026-10-03 00:14:42,662 | INFO | EVENT=RECOGNIZED | face_id=VIS-00001 | confidence=0.71
2026-10-03 00:14:42,794 | INFO | EVENT=FACE_DETECTED | confidence=0.91 | metadata={"frame": 139, "bbox": [437, 265, 525, 353]}
2026-10-03 00:14:42,796 | INFO | EVENT=TRACKING | track_id=2 | confidence=0.91 | metadata={"bbox": [437, 265, 525, 353]}
2026-10-03 00:14:42,819 | INFO | EVENT=EMBEDDING_GENERATED | metadata={"dim": 512, "fallback": true}
2026-10-03 00:14:42,819 | INFO | EVENT=RECOGNIZED | face_id=VIS-00001 | confidence=0.72
2026-10-03 00:14:42,828 | INFO | EVENT=TRACKING | track_id=2 | confidence=0.91 | metadata={"bbox": [437, 265, 525, 353]}
2026-10-03 00:14:42,849 | INFO | EVENT=EMBEDDING_GENERATED | metadata={"dim": 512, "fallback": true}
2026-10-03 00:14:42,850 | INFO | EVENT=RECOGNIZED | face_id=VIS-00001 | confidence=0.73
2026-10-03 00:14:42,856 | INFO | EVENT=TRACKING | track_id=2 | confidence=0.91 | metadata={"bbox": [437, 265, 525, 353]}
2026-10-03 00:14:42,879 | INFO | EVENT=EMBEDDING_GENERATED | metadata={"dim": 512, "fallback": true}
2026-10-03 00:14:42,879 | INFO | EVENT=RECOGNIZED | face_id=VIS-00001 | confidence=0.72
2026-10-03 00:14:42,886 | INFO | EVENT=TRACKING | track_id=2 | confidence=0.91 | metadata={"bbox": [437, 265, 525, 353]}
2026-10-03 00:14:42,909 | INFO | EVENT=EMBEDDING_GENERATED | metadata={"dim": 512, "fallback": true}
2026-10-03 00:14:42,909 | INFO | EVENT=RECOGNIZED | face_id=VIS-00001 | confidence=0.71
2026-10-03 00:14:42,916 | INFO | EVENT=TRACKING | track_id=2 | confidence=0.91 | metadata={"bbox": [437, 265, 525, 353]}
2026-10-03 00:14:42,939 | INFO | EVENT=EMBEDDING_GENERATED | metadata={"dim": 512, "fallback": true}
2026-10-03 00:14:42,939 | INFO | EVENT=RECOGNIZED | face_id=VIS-00001 | confidence=0.72
2026-10-03 00:14:42,947 | INFO | EVENT=TRACKING | track_id=2 | confidence=0.91 | metadata={"bbox": [437, 265, 525, 353]}
2026-10-03 00:14:42,974 | INFO | EVENT=EMBEDDING_GENERATED | metadata={"dim": 512, "fallback": true}
2026-10-03 00:14:42,975 | INFO | EVENT=RECOGNIZED | face_id=VIS-00001 | confidence=0.73
2026-10-03 00:14:43,101 | INFO | EVENT=FACE_DETECTED | confidence=0.91 | metadata={"frame": 145, "bbox": [436, 288, 522, 374]}
2026-10-03 00:14:43,103 | INFO | EVENT=TRACKING | track_id=2 | confidence=0.91 | metadata={"bbox": [436, 288, 522, 374]}
2026-10-03 00:14:43,123 | INFO | EVENT=EMBEDDING_GENERATED | metadata={"dim": 512, "fallback": true}
2026-10-03 00:14:43,124 | INFO | EVENT=RECOGNIZED | face_id=VIS-00001 | confidence=0.71
2026-10-03 00:14:43,131 | INFO | EVENT=TRACKING | track_id=2 | confidence=0.91 | metadata={"bbox": [436, 288, 522, 374]}
2026-10-03 00:14:43,156 | INFO | EVENT=EMBEDDING_GENERATED | metadata={"dim": 512, "fallback": true}
2026-10-03 00:14:43,157 | INFO | EVENT=RECOGNIZED | face_id=VIS-00001 | confidence=0.70
2026-10-03 00:14:43,164 | INFO | EVENT=TRACKING | track_id=2 | confidence=0.91 | metadata={"bbox": [436, 288, 522, 374]}
2026-10-03 00:14:43,187 | INFO | EVENT=EMBEDDING_GENERATED | metadata={"dim": 512, "fallback": true}
2026-10-03 00:14:43,187 | INFO | EVENT=RECOGNIZED | face_id=VIS-00001 | confidence=0.69
2026-10-03 00:14:43,194 | INFO | EVENT=TRACKING | track_id=2 | confidence=0.91 | metadata={"bbox": [436, 288, 522, 374]}
2026-10-03 00:14:43,217 | INFO | EVENT=EMBEDDING_GENERATED | metadata={"dim": 512, "fallback": true}
2026-10-03 00:14:43,217 | INFO | EVENT=RECOGNIZED | face_id=VIS-00001 | confidence=0.68
2026-10-03 00:14:43,225 | INFO | EVENT=TRACKING | track_id=2 | confidence=0.91 | metadata={"bbox": [436, 288, 522, 374]}
2026-10-03 00:14:43,246 | INFO | EVENT=EMBEDDING_GENERATED | metadata={"dim": 512, "fallback": true}
2026-10-03 00:14:43,246 | INFO | EVENT=RECOGNIZED | face_id=VIS-00001 | confidence=0.67
2026-10-03 00:14:43,252 | INFO | EVENT=TRACKING | track_id=2 | confidence=0.91 | metadata={"bbox": [436, 288, 522, 374]}
2026-10-03 00:14:43,274 | INFO | EVENT=EMBEDDING_GENERATED | metadata={"dim": 512, "fallback": true}
2026-10-03 00:14:43,276 | INFO | EVENT=RECOGNIZED | face_id=VIS-00001 | confidence=0.69
2026-10-03 00:14:43,408 | INFO | EVENT=FACE_DETECTED | confidence=0.91 | metadata={"frame": 151, "bbox": [435, 305, 523, 393]}
2026-10-03 00:14:43,411 | INFO | EVENT=TRACKING | track_id=2 | confidence=0.91 | metadata={"bbox": [435, 305, 523, 393]}
2026-10-03 00:14:43,436 | INFO | EVENT=EMBEDDING_GENERATED | metadata={"dim": 512, "fallback": true}
2026-10-03 00:14:43,436 | INFO | EVENT=RECOGNIZED | face_id=VIS-00001 | confidence=0.71
2026-10-03 00:14:43,444 | INFO | EVENT=TRACKING | track_id=2 | confidence=0.91 | metadata={"bbox": [435, 305, 523, 393]}
2026-10-03 00:14:43,466 | INFO | EVENT=EMBEDDING_GENERATED | metadata={"dim": 512, "fallback": true}
2026-10-03 00:14:43,466 | INFO | EVENT=RECOGNIZED | face_id=VIS-00001 | confidence=0.70
2026-10-03 00:14:43,475 | INFO | EVENT=TRACKING | track_id=2 | confidence=0.91 | metadata={"bbox": [435, 305, 523, 393]}
2026-10-03 00:14:43,499 | INFO | EVENT=EMBEDDING_GENERATED | metadata={"dim": 512, "fallback": true}
2026-10-03 00:14:43,500 | INFO | EVENT=RECOGNIZED | face_id=VIS-00001 | confidence=0.69
2026-10-03 00:14:43,506 | INFO | EVENT=TRACKING | track_id=2 | confidence=0.91 | metadata={"bbox": [435, 305, 523, 393]}
2026-10-03 00:14:43,534 | INFO | EVENT=EMBEDDING_GENERATED | metadata={"dim": 512, "fallback": true}
2026-10-03 00:14:43,535 | INFO | EVENT=RECOGNIZED | face_id=VIS-00001 | confidence=0.69
2026-10-03 00:14:43,542 | INFO | EVENT=TRACKING | track_id=2 | confidence=0.91 | metadata={"bbox": [435, 305, 523, 393]}
2026-10-03 00:14:43,565 | INFO | EVENT=EMBEDDING_GENERATED | metadata={"dim": 512, "fallback": true}
2026-10-03 00:14:43,566 | INFO | EVENT=RECOGNIZED | face_id=VIS-00001 | confidence=0.71
2026-10-03 00:14:43,572 | INFO | EVENT=TRACKING | track_id=2 | confidence=0.91 | metadata={"bbox": [435, 305, 523, 393]}
2026-10-03 00:14:43,595 | INFO | EVENT=EMBEDDING_GENERATED | metadata={"dim": 512, "fallback": true}
2026-10-03 00:14:43,595 | INFO | EVENT=RECOGNIZED | face_id=VIS-00001 | confidence=0.71
2026-10-03 00:14:43,862 | INFO | EVENT=FACE_DETECTED | confidence=0.91 | metadata={"frame": 157, "bbox": [435, 325, 523, 413]}
2026-10-03 00:14:43,863 | INFO | EVENT=TRACKING | track_id=2 | confidence=0.91 | metadata={"bbox": [435, 325, 523, 413]}
2026-10-03 00:14:43,889 | INFO | EVENT=EMBEDDING_GENERATED | metadata={"dim": 512, "fallback": true}
2026-10-03 00:14:43,895 | INFO | EVENT=RECOGNIZED | face_id=VIS-00001 | confidence=0.71
2026-10-03 00:14:43,903 | INFO | EVENT=TRACKING | track_id=2 | confidence=0.91 | metadata={"bbox": [435, 325, 523, 413]}
2026-10-03 00:14:43,927 | INFO | EVENT=EMBEDDING_GENERATED | metadata={"dim": 512, "fallback": true}
2026-10-03 00:14:43,927 | INFO | EVENT=RECOGNIZED | face_id=VIS-00001 | confidence=0.71
2026-10-03 00:14:43,950 | INFO | EVENT=TRACKING | track_id=2 | confidence=0.91 | metadata={"bbox": [435, 325, 523, 413]}
2026-10-03 00:14:43,973 | INFO | EVENT=EMBEDDING_GENERATED | metadata={"dim": 512, "fallback": true}
2026-10-03 00:14:43,973 | INFO | EVENT=RECOGNIZED | face_id=VIS-00001 | confidence=0.72
2026-10-03 00:14:43,985 | INFO | EVENT=TRACKING | track_id=2 | confidence=0.91 | metadata={"bbox": [435, 325, 523, 413]}
2026-10-03 00:14:44,007 | INFO | EVENT=EMBEDDING_GENERATED | metadata={"dim": 512, "fallback": true}
2026-10-03 00:14:44,007 | INFO | EVENT=RECOGNIZED | face_id=VIS-00001 | confidence=0.72
2026-10-03 00:14:44,013 | INFO | EVENT=TRACKING | track_id=2 | confidence=0.91 | metadata={"bbox": [435, 325, 523, 413]}
2026-10-03 00:14:44,040 | INFO | EVENT=EMBEDDING_GENERATED | metadata={"dim": 512, "fallback": true}
2026-10-03 00:14:44,040 | INFO | EVENT=RECOGNIZED | face_id=VIS-00001 | confidence=0.73
2026-10-03 00:14:44,047 | INFO | EVENT=TRACKING | track_id=2 | confidence=0.91 | metadata={"bbox": [435, 325, 523, 413]}
2026-10-03 00:14:44,069 | INFO | EVENT=EMBEDDING_GENERATED | metadata={"dim": 512, "fallback": true}
2026-10-03 00:14:44,069 | INFO | EVENT=RECOGNIZED | face_id=VIS-00001 | confidence=0.73
2026-10-03 00:14:44,251 | INFO | EVENT=FACE_DETECTED | confidence=0.91 | metadata={"frame": 163, "bbox": [437, 345, 525, 433]}
2026-10-03 00:14:44,253 | INFO | EVENT=TRACKING | track_id=2 | confidence=0.91 | metadata={"bbox": [437, 345, 525, 433]}
2026-10-03 00:14:44,274 | INFO | EVENT=EMBEDDING_GENERATED | metadata={"dim": 512, "fallback": true}
2026-10-03 00:14:44,275 | INFO | EVENT=RECOGNIZED | face_id=VIS-00001 | confidence=0.72
2026-10-03 00:14:44,283 | INFO | EVENT=TRACKING | track_id=2 | confidence=0.91 | metadata={"bbox": [437, 345, 525, 433]}
2026-10-03 00:14:44,321 | INFO | EVENT=EMBEDDING_GENERATED | metadata={"dim": 512, "fallback": true}
2026-10-03 00:14:44,321 | INFO | EVENT=RECOGNIZED | face_id=VIS-00001 | confidence=0.73
2026-10-03 00:14:44,328 | INFO | EVENT=TRACKING | track_id=2 | confidence=0.91 | metadata={"bbox": [437, 345, 525, 433]}
2026-10-03 00:14:44,353 | INFO | EVENT=EMBEDDING_GENERATED | metadata={"dim": 512, "fallback": true}
2026-10-03 00:14:44,353 | INFO | EVENT=RECOGNIZED | face_id=VIS-00001 | confidence=0.72
2026-10-03 00:14:44,359 | INFO | EVENT=TRACKING | track_id=2 | confidence=0.91 | metadata={"bbox": [437, 345, 525, 433]}
2026-10-03 00:14:44,380 | INFO | EVENT=EMBEDDING_GENERATED | metadata={"dim": 512, "fallback": true}
2026-10-03 00:14:44,381 | INFO | EVENT=RECOGNIZED | face_id=VIS-00001 | confidence=0.71
2026-10-03 00:14:44,387 | INFO | EVENT=TRACKING | track_id=2 | confidence=0.91 | metadata={"bbox": [437, 345, 525, 433]}
2026-10-03 00:14:44,409 | INFO | EVENT=EMBEDDING_GENERATED | metadata={"dim": 512, "fallback": true}
2026-10-03 00:14:44,409 | INFO | EVENT=RECOGNIZED | face_id=VIS-00001 | confidence=0.72
2026-10-03 00:14:44,415 | INFO | EVENT=TRACKING | track_id=2 | confidence=0.91 | metadata={"bbox": [437, 345, 525, 433]}
2026-10-03 00:14:44,438 | INFO | EVENT=EMBEDDING_GENERATED | metadata={"dim": 512, "fallback": true}
2026-10-03 00:14:44,438 | INFO | EVENT=RECOGNIZED | face_id=VIS-00001 | confidence=0.73
2026-10-03 00:14:44,568 | INFO | EVENT=FACE_DETECTED | confidence=0.91 | metadata={"frame": 169, "bbox": [434, 364, 524, 454]}
2026-10-03 00:14:44,569 | INFO | EVENT=TRACKING | track_id=2 | confidence=0.91 | metadata={"bbox": [434, 364, 524, 454]}
2026-10-03 00:14:44,594 | INFO | EVENT=EMBEDDING_GENERATED | metadata={"dim": 512, "fallback": true}
2026-10-03 00:14:44,595 | INFO | EVENT=RECOGNIZED | face_id=VIS-00001 | confidence=0.75
2026-10-03 00:14:44,602 | INFO | EVENT=TRACKING | track_id=2 | confidence=0.91 | metadata={"bbox": [434, 364, 524, 454]}
2026-10-03 00:14:44,622 | INFO | EVENT=EMBEDDING_GENERATED | metadata={"dim": 512, "fallback": true}
2026-10-03 00:14:44,624 | INFO | EVENT=RECOGNIZED | face_id=VIS-00001 | confidence=0.74
2026-10-03 00:14:44,630 | INFO | EVENT=TRACKING | track_id=2 | confidence=0.91 | metadata={"bbox": [434, 364, 524, 454]}
2026-10-03 00:14:44,653 | INFO | EVENT=EMBEDDING_GENERATED | metadata={"dim": 512, "fallback": true}
2026-10-03 00:14:44,653 | INFO | EVENT=RECOGNIZED | face_id=VIS-00001 | confidence=0.72
2026-10-03 00:14:44,661 | INFO | EVENT=TRACKING | track_id=2 | confidence=0.91 | metadata={"bbox": [434, 364, 524, 454]}
2026-10-03 00:14:44,683 | INFO | EVENT=EMBEDDING_GENERATED | metadata={"dim": 512, "fallback": true}
2026-10-03 00:14:44,685 | INFO | EVENT=RECOGNIZED | face_id=VIS-00001 | confidence=0.72
2026-10-03 00:14:44,691 | INFO | EVENT=TRACKING | track_id=2 | confidence=0.91 | metadata={"bbox": [434, 364, 524, 454]}
2026-10-03 00:14:44,716 | INFO | EVENT=EMBEDDING_GENERATED | metadata={"dim": 512, "fallback": true}
2026-10-03 00:14:44,716 | INFO | EVENT=RECOGNIZED | face_id=VIS-00001 | confidence=0.72
2026-10-03 00:14:44,722 | INFO | EVENT=TRACKING | track_id=2 | confidence=0.91 | metadata={"bbox": [434, 364, 524, 454]}
2026-10-03 00:14:44,746 | INFO | EVENT=EMBEDDING_GENERATED | metadata={"dim": 512, "fallback": true}
2026-10-03 00:14:44,747 | INFO | EVENT=RECOGNIZED | face_id=VIS-00001 | confidence=0.73
2026-10-03 00:14:44,867 | INFO | EVENT=FACE_DETECTED | confidence=0.91 | metadata={"frame": 175, "bbox": [437, 385, 525, 473]}
2026-10-03 00:14:44,869 | INFO | EVENT=TRACKING | track_id=2 | confidence=0.91 | metadata={"bbox": [437, 385, 525, 473]}
2026-10-03 00:14:44,896 | INFO | EVENT=EMBEDDING_GENERATED | metadata={"dim": 512, "fallback": true}
2026-10-03 00:14:44,896 | INFO | EVENT=RECOGNIZED | face_id=VIS-00001 | confidence=0.70
2026-10-03 00:14:44,902 | INFO | EVENT=TRACKING | track_id=2 | confidence=0.91 | metadata={"bbox": [437, 385, 525, 473]}
2026-10-03 00:14:44,923 | INFO | EVENT=EMBEDDING_GENERATED | metadata={"dim": 512, "fallback": true}
2026-10-03 00:14:44,923 | INFO | EVENT=RECOGNIZED | face_id=VIS-00001 | confidence=0.70
2026-10-03 00:14:44,930 | INFO | EVENT=TRACKING | track_id=2 | confidence=0.91 | metadata={"bbox": [437, 385, 525, 473]}
2026-10-03 00:14:44,954 | INFO | EVENT=EMBEDDING_GENERATED | metadata={"dim": 512, "fallback": true}
2026-10-03 00:14:44,954 | INFO | EVENT=RECOGNIZED | face_id=VIS-00001 | confidence=0.69
2026-10-03 00:14:44,961 | INFO | EVENT=TRACKING | track_id=2 | confidence=0.91 | metadata={"bbox": [437, 385, 525, 473]}
2026-10-03 00:14:44,987 | INFO | EVENT=EMBEDDING_GENERATED | metadata={"dim": 512, "fallback": true}
2026-10-03 00:14:44,988 | INFO | EVENT=RECOGNIZED | face_id=VIS-00001 | confidence=0.70
2026-10-03 00:14:44,994 | INFO | EVENT=TRACKING | track_id=2 | confidence=0.91 | metadata={"bbox": [437, 385, 525, 473]}
2026-10-03 00:14:45,024 | INFO | EVENT=EMBEDDING_GENERATED | metadata={"dim": 512, "fallback": true}
2026-10-03 00:14:45,025 | INFO | EVENT=RECOGNIZED | face_id=VIS-00001 | confidence=0.71
2026-10-03 00:14:45,031 | INFO | EVENT=TRACKING | track_id=2 | confidence=0.91 | metadata={"bbox": [437, 385, 525, 473]}
2026-10-03 00:14:45,058 | INFO | EVENT=EMBEDDING_GENERATED | metadata={"dim": 512, "fallback": true}
2026-10-03 00:14:45,058 | INFO | EVENT=RECOGNIZED | face_id=VIS-00001 | confidence=0.71
2026-10-03 00:14:45,191 | INFO | EVENT=FACE_DETECTED | confidence=0.91 | metadata={"frame": 181, "bbox": [438, 406, 524, 480]}
2026-10-03 00:14:45,193 | INFO | EVENT=TRACKING | track_id=2 | confidence=0.91 | metadata={"bbox": [438, 406, 524, 480]}
2026-10-03 00:14:45,212 | INFO | EVENT=EMBEDDING_GENERATED | metadata={"dim": 512, "fallback": true}
2026-10-03 00:14:45,212 | INFO | EVENT=RECOGNIZED | face_id=VIS-00001 | confidence=0.62
2026-10-03 00:14:45,218 | INFO | EVENT=TRACKING | track_id=2 | confidence=0.91 | metadata={"bbox": [438, 406, 524, 480]}
2026-10-03 00:14:45,238 | INFO | EVENT=EMBEDDING_GENERATED | metadata={"dim": 512, "fallback": true}
2026-10-03 00:14:45,238 | INFO | EVENT=RECOGNIZED | face_id=VIS-00001 | confidence=0.62
2026-10-03 00:14:45,246 | INFO | EVENT=TRACKING | track_id=2 | confidence=0.91 | metadata={"bbox": [438, 406, 524, 480]}
2026-10-03 00:14:45,267 | INFO | EVENT=EMBEDDING_GENERATED | metadata={"dim": 512, "fallback": true}
2026-10-03 00:14:45,268 | INFO | EVENT=RECOGNIZED | face_id=VIS-00001 | confidence=0.62
2026-10-03 00:14:45,275 | INFO | EVENT=TRACKING | track_id=2 | confidence=0.91 | metadata={"bbox": [438, 406, 524, 480]}
2026-10-03 00:14:45,298 | INFO | EVENT=EMBEDDING_GENERATED | metadata={"dim": 512, "fallback": true}
2026-10-03 00:14:45,298 | INFO | EVENT=RECOGNIZED | face_id=VIS-00001 | confidence=0.62
2026-10-03 00:14:45,305 | INFO | EVENT=TRACKING | track_id=2 | confidence=0.91 | metadata={"bbox": [438, 406, 524, 480]}
2026-10-03 00:14:45,327 | INFO | EVENT=EMBEDDING_GENERATED | metadata={"dim": 512, "fallback": true}
2026-10-03 00:14:45,328 | INFO | EVENT=RECOGNIZED | face_id=VIS-00001 | confidence=0.62
2026-10-03 00:14:45,333 | INFO | EVENT=TRACKING | track_id=2 | confidence=0.91 | metadata={"bbox": [438, 406, 524, 480]}
2026-10-03 00:14:45,355 | INFO | EVENT=EMBEDDING_GENERATED | metadata={"dim": 512, "fallback": true}
2026-10-03 00:14:45,355 | INFO | EVENT=RECOGNIZED | face_id=VIS-00001 | confidence=0.62
2026-10-03 00:14:47,049 | INFO | EVENT=FACE_DETECTED | confidence=0.91 | metadata={"frame": 211, "bbox": [6, 197, 94, 285]}
2026-10-03 00:14:47,054 | INFO | EVENT=TRACKING | track_id=4 | confidence=0.91 | metadata={"bbox": [6, 197, 94, 285]}
2026-10-03 00:14:47,071 | INFO | EVENT=EMBEDDING_GENERATED | metadata={"dim": 512, "fallback": true}
2026-10-03 00:14:47,072 | INFO | EVENT=RECOGNIZED | face_id=VIS-00001 | confidence=0.97
2026-10-03 00:14:47,080 | INFO | EVENT=TRACKING | track_id=4 | confidence=0.91 | metadata={"bbox": [6, 197, 94, 285]}
2026-10-03 00:14:47,105 | INFO | EVENT=EMBEDDING_GENERATED | metadata={"dim": 512, "fallback": true}
2026-10-03 00:14:47,105 | INFO | EVENT=RECOGNIZED | face_id=VIS-00001 | confidence=0.98
2026-10-03 00:14:47,114 | INFO | EVENT=TRACKING | track_id=4 | confidence=0.91 | metadata={"bbox": [6, 197, 94, 285]}
2026-10-03 00:14:47,144 | INFO | EVENT=EMBEDDING_GENERATED | metadata={"dim": 512, "fallback": true}
2026-10-03 00:14:47,144 | INFO | EVENT=RECOGNIZED | face_id=VIS-00001 | confidence=0.98
2026-10-03 00:14:47,155 | INFO | EVENT=TRACKING | track_id=4 | confidence=0.91 | metadata={"bbox": [6, 197, 94, 285]}
2026-10-03 00:14:47,176 | INFO | EVENT=EMBEDDING_GENERATED | metadata={"dim": 512, "fallback": true}
2026-10-03 00:14:47,176 | INFO | EVENT=RECOGNIZED | face_id=VIS-00001 | confidence=0.96
2026-10-03 00:14:47,183 | INFO | EVENT=TRACKING | track_id=4 | confidence=0.91 | metadata={"bbox": [6, 197, 94, 285]}
2026-10-03 00:14:47,207 | INFO | EVENT=EMBEDDING_GENERATED | metadata={"dim": 512, "fallback": true}
2026-10-03 00:14:47,207 | INFO | EVENT=RECOGNIZED | face_id=VIS-00001 | confidence=0.96
2026-10-03 00:14:47,337 | INFO | EVENT=FACE_DETECTED | confidence=0.91 | metadata={"frame": 217, "bbox": [27, 198, 113, 284]}
2026-10-03 00:14:47,339 | INFO | EVENT=TRACKING | track_id=4 | confidence=0.91 | metadata={"bbox": [27, 198, 113, 284]}
2026-10-03 00:14:47,361 | INFO | EVENT=EMBEDDING_GENERATED | metadata={"dim": 512, "fallback": true}
2026-10-03 00:14:47,361 | INFO | EVENT=RECOGNIZED | face_id=VIS-00001 | confidence=0.97
2026-10-03 00:14:47,368 | INFO | EVENT=TRACKING | track_id=4 | confidence=0.91 | metadata={"bbox": [27, 198, 113, 284]}
2026-10-03 00:14:47,393 | INFO | EVENT=EMBEDDING_GENERATED | metadata={"dim": 512, "fallback": true}
2026-10-03 00:14:47,393 | INFO | EVENT=RECOGNIZED | face_id=VIS-00001 | confidence=0.98
2026-10-03 00:14:47,400 | INFO | EVENT=TRACKING | track_id=4 | confidence=0.91 | metadata={"bbox": [27, 198, 113, 284]}
2026-10-03 00:14:47,422 | INFO | EVENT=EMBEDDING_GENERATED | metadata={"dim": 512, "fallback": true}
2026-10-03 00:14:47,423 | INFO | EVENT=RECOGNIZED | face_id=VIS-00001 | confidence=0.98
2026-10-03 00:14:47,429 | INFO | EVENT=TRACKING | track_id=4 | confidence=0.91 | metadata={"bbox": [27, 198, 113, 284]}
2026-10-03 00:14:47,450 | INFO | EVENT=EMBEDDING_GENERATED | metadata={"dim": 512, "fallback": true}
2026-10-03 00:14:47,451 | INFO | EVENT=RECOGNIZED | face_id=VIS-00001 | confidence=0.97
2026-10-03 00:14:47,459 | INFO | EVENT=TRACKING | track_id=4 | confidence=0.91 | metadata={"bbox": [27, 198, 113, 284]}
2026-10-03 00:14:47,483 | INFO | EVENT=EMBEDDING_GENERATED | metadata={"dim": 512, "fallback": true}
2026-10-03 00:14:47,484 | INFO | EVENT=RECOGNIZED | face_id=VIS-00001 | confidence=0.97
2026-10-03 00:14:47,490 | INFO | EVENT=TRACKING | track_id=4 | confidence=0.91 | metadata={"bbox": [27, 198, 113, 284]}
2026-10-03 00:14:47,513 | INFO | EVENT=EMBEDDING_GENERATED | metadata={"dim": 512, "fallback": true}
2026-10-03 00:14:47,513 | INFO | EVENT=RECOGNIZED | face_id=VIS-00001 | confidence=0.97
2026-10-03 00:14:47,645 | INFO | EVENT=FACE_DETECTED | confidence=0.91 | metadata={"frame": 223, "bbox": [48, 196, 134, 282]}
2026-10-03 00:14:47,647 | INFO | EVENT=TRACKING | track_id=4 | confidence=0.91 | metadata={"bbox": [48, 196, 134, 282]}
2026-10-03 00:14:47,670 | INFO | EVENT=EMBEDDING_GENERATED | metadata={"dim": 512, "fallback": true}
2026-10-03 00:14:47,670 | INFO | EVENT=RECOGNIZED | face_id=VIS-00001 | confidence=0.97
2026-10-03 00:14:47,678 | INFO | EVENT=TRACKING | track_id=4 | confidence=0.91 | metadata={"bbox": [48, 196, 134, 282]}
2026-10-03 00:14:47,699 | INFO | EVENT=EMBEDDING_GENERATED | metadata={"dim": 512, "fallback": true}
2026-10-03 00:14:47,699 | INFO | EVENT=RECOGNIZED | face_id=VIS-00001 | confidence=0.97
2026-10-03 00:14:47,706 | INFO | EVENT=TRACKING | track_id=4 | confidence=0.91 | metadata={"bbox": [48, 196, 134, 282]}
2026-10-03 00:14:47,729 | INFO | EVENT=EMBEDDING_GENERATED | metadata={"dim": 512, "fallback": true}
2026-10-03 00:14:47,732 | INFO | EVENT=RECOGNIZED | face_id=VIS-00001 | confidence=0.97
2026-10-03 00:14:47,739 | INFO | EVENT=TRACKING | track_id=4 | confidence=0.91 | metadata={"bbox": [48, 196, 134, 282]}
2026-10-03 00:14:47,767 | INFO | EVENT=EMBEDDING_GENERATED | metadata={"dim": 512, "fallback": true}
2026-10-03 00:14:47,767 | INFO | EVENT=RECOGNIZED | face_id=VIS-00001 | confidence=0.97
2026-10-03 00:14:47,773 | INFO | EVENT=TRACKING | track_id=4 | confidence=0.91 | metadata={"bbox": [48, 196, 134, 282]}
2026-10-03 00:14:47,797 | INFO | EVENT=EMBEDDING_GENERATED | metadata={"dim": 512, "fallback": true}
2026-10-03 00:14:47,797 | INFO | EVENT=RECOGNIZED | face_id=VIS-00001 | confidence=0.96
2026-10-03 00:14:47,804 | INFO | EVENT=TRACKING | track_id=4 | confidence=0.91 | metadata={"bbox": [48, 196, 134, 282]}
2026-10-03 00:14:47,826 | INFO | EVENT=EMBEDDING_GENERATED | metadata={"dim": 512, "fallback": true}
2026-10-03 00:14:47,826 | INFO | EVENT=RECOGNIZED | face_id=VIS-00001 | confidence=0.97
2026-10-03 00:14:47,949 | INFO | EVENT=FACE_DETECTED | confidence=0.91 | metadata={"frame": 229, "bbox": [66, 197, 154, 285]}
2026-10-03 00:14:47,950 | INFO | EVENT=TRACKING | track_id=4 | confidence=0.91 | metadata={"bbox": [66, 197, 154, 285]}
2026-10-03 00:14:47,979 | INFO | EVENT=EMBEDDING_GENERATED | metadata={"dim": 512, "fallback": true}
2026-10-03 00:14:47,979 | INFO | EVENT=RECOGNIZED | face_id=VIS-00001 | confidence=0.97
2026-10-03 00:14:47,988 | INFO | EVENT=TRACKING | track_id=4 | confidence=0.91 | metadata={"bbox": [66, 197, 154, 285]}
2026-10-03 00:14:48,062 | INFO | EVENT=EMBEDDING_GENERATED | metadata={"dim": 512, "fallback": true}
2026-10-03 00:14:48,062 | INFO | EVENT=RECOGNIZED | face_id=VIS-00001 | confidence=0.97
2026-10-03 00:14:48,070 | INFO | EVENT=TRACKING | track_id=4 | confidence=0.91 | metadata={"bbox": [66, 197, 154, 285]}
2026-10-03 00:14:48,095 | INFO | EVENT=EMBEDDING_GENERATED | metadata={"dim": 512, "fallback": true}
2026-10-03 00:14:48,096 | INFO | EVENT=RECOGNIZED | face_id=VIS-00001 | confidence=0.97
2026-10-03 00:14:48,103 | INFO | EVENT=TRACKING | track_id=4 | confidence=0.91 | metadata={"bbox": [66, 197, 154, 285]}
2026-10-03 00:14:48,126 | INFO | EVENT=EMBEDDING_GENERATED | metadata={"dim": 512, "fallback": true}
2026-10-03 00:14:48,126 | INFO | EVENT=RECOGNIZED | face_id=VIS-00001 | confidence=0.96
2026-10-03 00:14:48,148 | INFO | EVENT=TRACKING | track_id=4 | confidence=0.91 | metadata={"bbox": [66, 197, 154, 285]}
2026-10-03 00:14:48,173 | INFO | EVENT=EMBEDDING_GENERATED | metadata={"dim": 512, "fallback": true}
2026-10-03 00:14:48,173 | INFO | EVENT=RECOGNIZED | face_id=VIS-00001 | confidence=0.95
2026-10-03 00:14:48,183 | INFO | EVENT=TRACKING | track_id=4 | confidence=0.91 | metadata={"bbox": [66, 197, 154, 285]}
2026-10-03 00:14:48,203 | INFO | EVENT=EMBEDDING_GENERATED | metadata={"dim": 512, "fallback": true}
2026-10-03 00:14:48,203 | INFO | EVENT=RECOGNIZED | face_id=VIS-00001 | confidence=0.94
2026-10-03 00:14:48,378 | INFO | EVENT=FACE_DETECTED | confidence=0.91 | metadata={"frame": 235, "bbox": [86, 197, 174, 285]}
2026-10-03 00:14:48,380 | INFO | EVENT=TRACKING | track_id=4 | confidence=0.91 | metadata={"bbox": [86, 197, 174, 285]}
2026-10-03 00:14:48,402 | INFO | EVENT=EMBEDDING_GENERATED | metadata={"dim": 512, "fallback": true}
2026-10-03 00:14:48,402 | INFO | EVENT=RECOGNIZED | face_id=VIS-00001 | confidence=0.97
2026-10-03 00:14:48,410 | INFO | EVENT=TRACKING | track_id=4 | confidence=0.91 | metadata={"bbox": [86, 197, 174, 285]}
2026-10-03 00:14:48,433 | INFO | EVENT=EMBEDDING_GENERATED | metadata={"dim": 512, "fallback": true}
2026-10-03 00:14:48,433 | INFO | EVENT=RECOGNIZED | face_id=VIS-00001 | confidence=0.97
2026-10-03 00:14:48,439 | INFO | EVENT=TRACKING | track_id=4 | confidence=0.91 | metadata={"bbox": [86, 197, 174, 285]}
2026-10-03 00:14:48,464 | INFO | EVENT=EMBEDDING_GENERATED | metadata={"dim": 512, "fallback": true}
2026-10-03 00:14:48,464 | INFO | EVENT=RECOGNIZED | face_id=VIS-00001 | confidence=0.98
2026-10-03 00:14:48,470 | INFO | EVENT=TRACKING | track_id=4 | confidence=0.91 | metadata={"bbox": [86, 197, 174, 285]}
2026-10-03 00:14:48,493 | INFO | EVENT=EMBEDDING_GENERATED | metadata={"dim": 512, "fallback": true}
2026-10-03 00:14:48,493 | INFO | EVENT=RECOGNIZED | face_id=VIS-00001 | confidence=0.98
2026-10-03 00:14:48,500 | INFO | EVENT=TRACKING | track_id=4 | confidence=0.91 | metadata={"bbox": [86, 197, 174, 285]}
2026-10-03 00:14:48,523 | INFO | EVENT=EMBEDDING_GENERATED | metadata={"dim": 512, "fallback": true}
2026-10-03 00:14:48,525 | INFO | EVENT=RECOGNIZED | face_id=VIS-00001 | confidence=0.97
2026-10-03 00:14:48,531 | INFO | EVENT=TRACKING | track_id=4 | confidence=0.91 | metadata={"bbox": [86, 197, 174, 285]}
2026-10-03 00:14:48,555 | INFO | EVENT=EMBEDDING_GENERATED | metadata={"dim": 512, "fallback": true}
2026-10-03 00:14:48,555 | INFO | EVENT=RECOGNIZED | face_id=VIS-00001 | confidence=0.97
2026-10-03 00:14:48,710 | INFO | EVENT=FACE_DETECTED | confidence=0.91 | metadata={"frame": 241, "bbox": [108, 198, 194, 284]}
2026-10-03 00:14:48,712 | INFO | EVENT=TRACKING | track_id=4 | confidence=0.91 | metadata={"bbox": [108, 198, 194, 284]}
2026-10-03 00:14:48,737 | INFO | EVENT=EMBEDDING_GENERATED | metadata={"dim": 512, "fallback": true}
2026-10-03 00:14:48,738 | INFO | EVENT=RECOGNIZED | face_id=VIS-00001 | confidence=0.97
2026-10-03 00:14:48,746 | INFO | EVENT=TRACKING | track_id=4 | confidence=0.91 | metadata={"bbox": [108, 198, 194, 284]}
2026-10-03 00:14:48,767 | INFO | EVENT=EMBEDDING_GENERATED | metadata={"dim": 512, "fallback": true}
2026-10-03 00:14:48,768 | INFO | EVENT=RECOGNIZED | face_id=VIS-00001 | confidence=0.98
2026-10-03 00:14:48,778 | INFO | EVENT=TRACKING | track_id=4 | confidence=0.91 | metadata={"bbox": [108, 198, 194, 284]}
2026-10-03 00:14:48,802 | INFO | EVENT=EMBEDDING_GENERATED | metadata={"dim": 512, "fallback": true}
2026-10-03 00:14:48,802 | INFO | EVENT=RECOGNIZED | face_id=VIS-00001 | confidence=0.98
2026-10-03 00:14:48,814 | INFO | EVENT=TRACKING | track_id=4 | confidence=0.91 | metadata={"bbox": [108, 198, 194, 284]}
2026-10-03 00:14:48,841 | INFO | EVENT=EMBEDDING_GENERATED | metadata={"dim": 512, "fallback": true}
2026-10-03 00:14:48,841 | INFO | EVENT=RECOGNIZED | face_id=VIS-00001 | confidence=0.98
2026-10-03 00:14:48,849 | INFO | EVENT=TRACKING | track_id=4 | confidence=0.91 | metadata={"bbox": [108, 198, 194, 284]}
2026-10-03 00:14:48,918 | INFO | EVENT=EMBEDDING_GENERATED | metadata={"dim": 512, "fallback": true}
2026-10-03 00:14:48,918 | INFO | EVENT=RECOGNIZED | face_id=VIS-00001 | confidence=0.97
2026-10-03 00:14:48,936 | INFO | EVENT=TRACKING | track_id=4 | confidence=0.91 | metadata={"bbox": [108, 198, 194, 284]}
2026-10-03 00:14:48,960 | INFO | EVENT=EMBEDDING_GENERATED | metadata={"dim": 512, "fallback": true}
2026-10-03 00:14:48,961 | INFO | EVENT=RECOGNIZED | face_id=VIS-00001 | confidence=0.97
2026-10-03 00:14:49,128 | INFO | EVENT=FACE_DETECTED | confidence=0.91 | metadata={"frame": 247, "bbox": [127, 198, 213, 284]}
2026-10-03 00:14:49,129 | INFO | EVENT=TRACKING | track_id=4 | confidence=0.91 | metadata={"bbox": [127, 198, 213, 284]}
2026-10-03 00:14:49,155 | INFO | EVENT=EMBEDDING_GENERATED | metadata={"dim": 512, "fallback": true}
2026-10-03 00:14:49,155 | INFO | EVENT=RECOGNIZED | face_id=VIS-00001 | confidence=0.97
2026-10-03 00:14:49,162 | INFO | EVENT=TRACKING | track_id=4 | confidence=0.91 | metadata={"bbox": [127, 198, 213, 284]}
2026-10-03 00:14:49,187 | INFO | EVENT=EMBEDDING_GENERATED | metadata={"dim": 512, "fallback": true}
2026-10-03 00:14:49,187 | INFO | EVENT=RECOGNIZED | face_id=VIS-00001 | confidence=0.98
2026-10-03 00:14:49,194 | INFO | EVENT=TRACKING | track_id=4 | confidence=0.91 | metadata={"bbox": [127, 198, 213, 284]}
2026-10-03 00:14:49,216 | INFO | EVENT=EMBEDDING_GENERATED | metadata={"dim": 512, "fallback": true}
2026-10-03 00:14:49,216 | INFO | EVENT=RECOGNIZED | face_id=VIS-00001 | confidence=0.98
2026-10-03 00:14:49,222 | INFO | EVENT=TRACKING | track_id=4 | confidence=0.91 | metadata={"bbox": [127, 198, 213, 284]}
2026-10-03 00:14:49,246 | INFO | EVENT=EMBEDDING_GENERATED | metadata={"dim": 512, "fallback": true}
2026-10-03 00:14:49,246 | INFO | EVENT=RECOGNIZED | face_id=VIS-00001 | confidence=0.97
2026-10-03 00:14:49,252 | INFO | EVENT=TRACKING | track_id=4 | confidence=0.91 | metadata={"bbox": [127, 198, 213, 284]}
2026-10-03 00:14:49,277 | INFO | EVENT=EMBEDDING_GENERATED | metadata={"dim": 512, "fallback": true}
2026-10-03 00:14:49,277 | INFO | EVENT=RECOGNIZED | face_id=VIS-00001 | confidence=0.96
2026-10-03 00:14:49,283 | INFO | EVENT=TRACKING | track_id=4 | confidence=0.91 | metadata={"bbox": [127, 198, 213, 284]}
2026-10-03 00:14:49,305 | INFO | EVENT=EMBEDDING_GENERATED | metadata={"dim": 512, "fallback": true}
2026-10-03 00:14:49,305 | INFO | EVENT=RECOGNIZED | face_id=VIS-00001 | confidence=0.97
2026-10-03 00:14:49,437 | INFO | EVENT=FACE_DETECTED | confidence=0.91 | metadata={"frame": 253, "bbox": [147, 198, 233, 284]}
2026-10-03 00:14:49,439 | INFO | EVENT=TRACKING | track_id=4 | confidence=0.91 | metadata={"bbox": [147, 198, 233, 284]}
2026-10-03 00:14:49,462 | INFO | EVENT=EMBEDDING_GENERATED | metadata={"dim": 512, "fallback": true}
2026-10-03 00:14:49,462 | INFO | EVENT=RECOGNIZED | face_id=VIS-00001 | confidence=0.97
2026-10-03 00:14:49,469 | INFO | EVENT=TRACKING | track_id=4 | confidence=0.91 | metadata={"bbox": [147, 198, 233, 284]}
2026-10-03 00:14:49,489 | INFO | EVENT=EMBEDDING_GENERATED | metadata={"dim": 512, "fallback": true}
2026-10-03 00:14:49,489 | INFO | EVENT=RECOGNIZED | face_id=VIS-00001 | confidence=0.97
2026-10-03 00:14:49,497 | INFO | EVENT=TRACKING | track_id=4 | confidence=0.91 | metadata={"bbox": [147, 198, 233, 284]}
2026-10-03 00:14:49,519 | INFO | EVENT=EMBEDDING_GENERATED | metadata={"dim": 512, "fallback": true}
2026-10-03 00:14:49,519 | INFO | EVENT=RECOGNIZED | face_id=VIS-00001 | confidence=0.97
2026-10-03 00:14:49,525 | INFO | EVENT=TRACKING | track_id=4 | confidence=0.91 | metadata={"bbox": [147, 198, 233, 284]}
2026-10-03 00:14:49,546 | INFO | EVENT=EMBEDDING_GENERATED | metadata={"dim": 512, "fallback": true}
2026-10-03 00:14:49,546 | INFO | EVENT=RECOGNIZED | face_id=VIS-00001 | confidence=0.97
2026-10-03 00:14:49,555 | INFO | EVENT=TRACKING | track_id=4 | confidence=0.91 | metadata={"bbox": [147, 198, 233, 284]}
2026-10-03 00:14:49,577 | INFO | EVENT=EMBEDDING_GENERATED | metadata={"dim": 512, "fallback": true}
2026-10-03 00:14:49,577 | INFO | EVENT=RECOGNIZED | face_id=VIS-00001 | confidence=0.96
2026-10-03 00:14:49,583 | INFO | EVENT=TRACKING | track_id=4 | confidence=0.91 | metadata={"bbox": [147, 198, 233, 284]}
2026-10-03 00:14:49,605 | INFO | EVENT=EMBEDDING_GENERATED | metadata={"dim": 512, "fallback": true}
2026-10-03 00:14:49,606 | INFO | EVENT=RECOGNIZED | face_id=VIS-00001 | confidence=0.95
2026-10-03 00:14:49,743 | INFO | EVENT=FACE_DETECTED | confidence=0.91 | metadata={"frame": 259, "bbox": [167, 197, 255, 285]}
2026-10-03 00:14:49,744 | INFO | EVENT=TRACKING | track_id=4 | confidence=0.91 | metadata={"bbox": [167, 197, 255, 285]}
2026-10-03 00:14:49,766 | INFO | EVENT=EMBEDDING_GENERATED | metadata={"dim": 512, "fallback": true}
2026-10-03 00:14:49,766 | INFO | EVENT=RECOGNIZED | face_id=VIS-00001 | confidence=0.97
2026-10-03 00:14:49,773 | INFO | EVENT=TRACKING | track_id=4 | confidence=0.91 | metadata={"bbox": [167, 197, 255, 285]}
2026-10-03 00:14:49,796 | INFO | EVENT=EMBEDDING_GENERATED | metadata={"dim": 512, "fallback": true}
2026-10-03 00:14:49,797 | INFO | EVENT=RECOGNIZED | face_id=VIS-00001 | confidence=0.97
2026-10-03 00:14:49,803 | INFO | EVENT=TRACKING | track_id=4 | confidence=0.91 | metadata={"bbox": [167, 197, 255, 285]}
2026-10-03 00:14:49,828 | INFO | EVENT=EMBEDDING_GENERATED | metadata={"dim": 512, "fallback": true}
2026-10-03 00:14:49,829 | INFO | EVENT=RECOGNIZED | face_id=VIS-00001 | confidence=0.98
2026-10-03 00:14:49,835 | INFO | EVENT=TRACKING | track_id=4 | confidence=0.91 | metadata={"bbox": [167, 197, 255, 285]}
2026-10-03 00:14:49,857 | INFO | EVENT=EMBEDDING_GENERATED | metadata={"dim": 512, "fallback": true}
2026-10-03 00:14:49,857 | INFO | EVENT=RECOGNIZED | face_id=VIS-00001 | confidence=0.98
2026-10-03 00:14:49,863 | INFO | EVENT=TRACKING | track_id=4 | confidence=0.91 | metadata={"bbox": [167, 197, 255, 285]}
2026-10-03 00:14:49,889 | INFO | EVENT=EMBEDDING_GENERATED | metadata={"dim": 512, "fallback": true}
2026-10-03 00:14:49,889 | INFO | EVENT=RECOGNIZED | face_id=VIS-00001 | confidence=0.97
2026-10-03 00:14:49,897 | INFO | EVENT=TRACKING | track_id=4 | confidence=0.91 | metadata={"bbox": [167, 197, 255, 285]}
2026-10-03 00:14:49,920 | INFO | EVENT=EMBEDDING_GENERATED | metadata={"dim": 512, "fallback": true}
2026-10-03 00:14:49,920 | INFO | EVENT=RECOGNIZED | face_id=VIS-00001 | confidence=0.97
2026-10-03 00:14:50,041 | INFO | EVENT=FACE_DETECTED | confidence=0.91 | metadata={"frame": 265, "bbox": [186, 197, 274, 285]}
2026-10-03 00:14:50,043 | INFO | EVENT=TRACKING | track_id=4 | confidence=0.91 | metadata={"bbox": [186, 197, 274, 285]}
2026-10-03 00:14:50,063 | INFO | EVENT=EMBEDDING_GENERATED | metadata={"dim": 512, "fallback": true}
2026-10-03 00:14:50,064 | INFO | EVENT=RECOGNIZED | face_id=VIS-00001 | confidence=0.97
2026-10-03 00:14:50,071 | INFO | EVENT=TRACKING | track_id=4 | confidence=0.91 | metadata={"bbox": [186, 197, 274, 285]}
2026-10-03 00:14:50,090 | INFO | EVENT=EMBEDDING_GENERATED | metadata={"dim": 512, "fallback": true}
2026-10-03 00:14:50,090 | INFO | EVENT=RECOGNIZED | face_id=VIS-00001 | confidence=0.98
2026-10-03 00:14:50,098 | INFO | EVENT=TRACKING | track_id=4 | confidence=0.91 | metadata={"bbox": [186, 197, 274, 285]}
2026-10-03 00:14:50,119 | INFO | EVENT=EMBEDDING_GENERATED | metadata={"dim": 512, "fallback": true}
2026-10-03 00:14:50,120 | INFO | EVENT=RECOGNIZED | face_id=VIS-00001 | confidence=0.98
2026-10-03 00:14:50,128 | INFO | EVENT=TRACKING | track_id=4 | confidence=0.91 | metadata={"bbox": [186, 197, 274, 285]}
2026-10-03 00:14:50,151 | INFO | EVENT=EMBEDDING_GENERATED | metadata={"dim": 512, "fallback": true}
2026-10-03 00:14:50,151 | INFO | EVENT=RECOGNIZED | face_id=VIS-00001 | confidence=0.97
2026-10-03 00:14:50,157 | INFO | EVENT=TRACKING | track_id=4 | confidence=0.91 | metadata={"bbox": [186, 197, 274, 285]}
2026-10-03 00:14:50,179 | INFO | EVENT=EMBEDDING_GENERATED | metadata={"dim": 512, "fallback": true}
2026-10-03 00:14:50,179 | INFO | EVENT=RECOGNIZED | face_id=VIS-00001 | confidence=0.96
2026-10-03 00:14:50,185 | INFO | EVENT=TRACKING | track_id=4 | confidence=0.91 | metadata={"bbox": [186, 197, 274, 285]}
2026-10-03 00:14:50,205 | INFO | EVENT=EMBEDDING_GENERATED | metadata={"dim": 512, "fallback": true}
2026-10-03 00:14:50,205 | INFO | EVENT=RECOGNIZED | face_id=VIS-00001 | confidence=0.96
2026-10-03 00:14:50,338 | INFO | EVENT=FACE_DETECTED | confidence=0.91 | metadata={"frame": 271, "bbox": [206, 195, 294, 283]}
2026-10-03 00:14:50,340 | INFO | EVENT=TRACKING | track_id=4 | confidence=0.91 | metadata={"bbox": [206, 195, 294, 283]}
2026-10-03 00:14:50,362 | INFO | EVENT=EMBEDDING_GENERATED | metadata={"dim": 512, "fallback": true}
2026-10-03 00:14:50,363 | INFO | EVENT=RECOGNIZED | face_id=VIS-00001 | confidence=0.97
2026-10-03 00:14:50,370 | INFO | EVENT=TRACKING | track_id=4 | confidence=0.91 | metadata={"bbox": [206, 195, 294, 283]}
2026-10-03 00:14:50,391 | INFO | EVENT=EMBEDDING_GENERATED | metadata={"dim": 512, "fallback": true}
2026-10-03 00:14:50,391 | INFO | EVENT=RECOGNIZED | face_id=VIS-00001 | confidence=0.97
2026-10-03 00:14:50,398 | INFO | EVENT=TRACKING | track_id=4 | confidence=0.91 | metadata={"bbox": [206, 195, 294, 283]}
2026-10-03 00:14:50,423 | INFO | EVENT=EMBEDDING_GENERATED | metadata={"dim": 512, "fallback": true}
2026-10-03 00:14:50,423 | INFO | EVENT=RECOGNIZED | face_id=VIS-00001 | confidence=0.98
2026-10-03 00:14:50,430 | INFO | EVENT=TRACKING | track_id=4 | confidence=0.91 | metadata={"bbox": [206, 195, 294, 283]}
2026-10-03 00:14:50,464 | INFO | EVENT=EMBEDDING_GENERATED | metadata={"dim": 512, "fallback": true}
2026-10-03 00:14:50,465 | INFO | EVENT=RECOGNIZED | face_id=VIS-00001 | confidence=0.97
2026-10-03 00:14:50,472 | INFO | EVENT=TRACKING | track_id=4 | confidence=0.91 | metadata={"bbox": [206, 195, 294, 283]}
2026-10-03 00:14:50,495 | INFO | EVENT=EMBEDDING_GENERATED | metadata={"dim": 512, "fallback": true}
2026-10-03 00:14:50,495 | INFO | EVENT=RECOGNIZED | face_id=VIS-00001 | confidence=0.96
2026-10-03 00:14:50,501 | INFO | EVENT=TRACKING | track_id=4 | confidence=0.91 | metadata={"bbox": [206, 195, 294, 283]}
2026-10-03 00:14:50,525 | INFO | EVENT=EMBEDDING_GENERATED | metadata={"dim": 512, "fallback": true}
2026-10-03 00:14:50,525 | INFO | EVENT=RECOGNIZED | face_id=VIS-00001 | confidence=0.96
2026-10-03 00:14:50,654 | INFO | EVENT=FACE_DETECTED | confidence=0.91 | metadata={"frame": 277, "bbox": [228, 198, 314, 284]}
2026-10-03 00:14:50,657 | INFO | EVENT=TRACKING | track_id=4 | confidence=0.91 | metadata={"bbox": [228, 198, 314, 284]}
2026-10-03 00:14:50,680 | INFO | EVENT=EMBEDDING_GENERATED | metadata={"dim": 512, "fallback": true}
2026-10-03 00:14:50,681 | INFO | EVENT=RECOGNIZED | face_id=VIS-00001 | confidence=0.97
2026-10-03 00:14:50,690 | INFO | EVENT=TRACKING | track_id=4 | confidence=0.91 | metadata={"bbox": [228, 198, 314, 284]}
2026-10-03 00:14:50,712 | INFO | EVENT=EMBEDDING_GENERATED | metadata={"dim": 512, "fallback": true}
2026-10-03 00:14:50,712 | INFO | EVENT=RECOGNIZED | face_id=VIS-00001 | confidence=0.97
2026-10-03 00:14:50,719 | INFO | EVENT=TRACKING | track_id=4 | confidence=0.91 | metadata={"bbox": [228, 198, 314, 284]}
2026-10-03 00:14:50,741 | INFO | EVENT=EMBEDDING_GENERATED | metadata={"dim": 512, "fallback": true}
2026-10-03 00:14:50,742 | INFO | EVENT=RECOGNIZED | face_id=VIS-00001 | confidence=0.97
2026-10-03 00:14:50,749 | INFO | EVENT=TRACKING | track_id=4 | confidence=0.91 | metadata={"bbox": [228, 198, 314, 284]}
2026-10-03 00:14:50,773 | INFO | EVENT=EMBEDDING_GENERATED | metadata={"dim": 512, "fallback": true}
2026-10-03 00:14:50,773 | INFO | EVENT=RECOGNIZED | face_id=VIS-00001 | confidence=0.97
2026-10-03 00:14:50,780 | INFO | EVENT=TRACKING | track_id=4 | confidence=0.91 | metadata={"bbox": [228, 198, 314, 284]}
2026-10-03 00:14:50,805 | INFO | EVENT=EMBEDDING_GENERATED | metadata={"dim": 512, "fallback": true}
2026-10-03 00:14:50,806 | INFO | EVENT=RECOGNIZED | face_id=VIS-00001 | confidence=0.96
2026-10-03 00:14:50,813 | INFO | EVENT=TRACKING | track_id=4 | confidence=0.91 | metadata={"bbox": [228, 198, 314, 284]}
2026-10-03 00:14:50,835 | INFO | EVENT=EMBEDDING_GENERATED | metadata={"dim": 512, "fallback": true}
2026-10-03 00:14:50,835 | INFO | EVENT=RECOGNIZED | face_id=VIS-00001 | confidence=0.96
2026-10-03 00:14:50,960 | INFO | EVENT=FACE_DETECTED | confidence=0.91 | metadata={"frame": 283, "bbox": [247, 197, 335, 285]}
2026-10-03 00:14:50,963 | INFO | EVENT=TRACKING | track_id=4 | confidence=0.91 | metadata={"bbox": [247, 197, 335, 285]}
2026-10-03 00:14:50,983 | INFO | EVENT=EMBEDDING_GENERATED | metadata={"dim": 512, "fallback": true}
2026-10-03 00:14:50,983 | INFO | EVENT=RECOGNIZED | face_id=VIS-00001 | confidence=0.97
2026-10-03 00:14:50,990 | INFO | EVENT=TRACKING | track_id=4 | confidence=0.91 | metadata={"bbox": [247, 197, 335, 285]}
2026-10-03 00:14:51,014 | INFO | EVENT=EMBEDDING_GENERATED | metadata={"dim": 512, "fallback": true}
2026-10-03 00:14:51,014 | INFO | EVENT=RECOGNIZED | face_id=VIS-00001 | confidence=0.97
2026-10-03 00:14:51,021 | INFO | EVENT=TRACKING | track_id=4 | confidence=0.91 | metadata={"bbox": [247, 197, 335, 285]}
2026-10-03 00:14:51,045 | INFO | EVENT=EMBEDDING_GENERATED | metadata={"dim": 512, "fallback": true}
2026-10-03 00:14:51,046 | INFO | EVENT=RECOGNIZED | face_id=VIS-00001 | confidence=0.98
2026-10-03 00:14:51,052 | INFO | EVENT=TRACKING | track_id=4 | confidence=0.91 | metadata={"bbox": [247, 197, 335, 285]}
2026-10-03 00:14:51,073 | INFO | EVENT=EMBEDDING_GENERATED | metadata={"dim": 512, "fallback": true}
2026-10-03 00:14:51,073 | INFO | EVENT=RECOGNIZED | face_id=VIS-00001 | confidence=0.98
2026-10-03 00:14:51,080 | INFO | EVENT=TRACKING | track_id=4 | confidence=0.91 | metadata={"bbox": [247, 197, 335, 285]}
2026-10-03 00:14:51,102 | INFO | EVENT=EMBEDDING_GENERATED | metadata={"dim": 512, "fallback": true}
2026-10-03 00:14:51,102 | INFO | EVENT=RECOGNIZED | face_id=VIS-00001 | confidence=0.97
2026-10-03 00:14:51,109 | INFO | EVENT=TRACKING | track_id=4 | confidence=0.91 | metadata={"bbox": [247, 197, 335, 285]}
2026-10-03 00:14:51,131 | INFO | EVENT=EMBEDDING_GENERATED | metadata={"dim": 512, "fallback": true}
2026-10-03 00:14:51,132 | INFO | EVENT=RECOGNIZED | face_id=VIS-00001 | confidence=0.97
2026-10-03 00:14:51,254 | INFO | EVENT=FACE_DETECTED | confidence=0.91 | metadata={"frame": 289, "bbox": [267, 198, 353, 284]}
2026-10-03 00:14:51,257 | INFO | EVENT=TRACKING | track_id=4 | confidence=0.91 | metadata={"bbox": [267, 198, 353, 284]}
2026-10-03 00:14:51,278 | INFO | EVENT=EMBEDDING_GENERATED | metadata={"dim": 512, "fallback": true}
2026-10-03 00:14:51,278 | INFO | EVENT=RECOGNIZED | face_id=VIS-00001 | confidence=0.97
2026-10-03 00:14:51,288 | INFO | EVENT=TRACKING | track_id=4 | confidence=0.91 | metadata={"bbox": [267, 198, 353, 284]}
2026-10-03 00:14:51,309 | INFO | EVENT=EMBEDDING_GENERATED | metadata={"dim": 512, "fallback": true}
2026-10-03 00:14:51,309 | INFO | EVENT=RECOGNIZED | face_id=VIS-00001 | confidence=0.98
2026-10-03 00:14:51,316 | INFO | EVENT=TRACKING | track_id=4 | confidence=0.91 | metadata={"bbox": [267, 198, 353, 284]}
2026-10-03 00:14:51,337 | INFO | EVENT=EMBEDDING_GENERATED | metadata={"dim": 512, "fallback": true}
2026-10-03 00:14:51,337 | INFO | EVENT=RECOGNIZED | face_id=VIS-00001 | confidence=0.98
2026-10-03 00:14:51,345 | INFO | EVENT=TRACKING | track_id=4 | confidence=0.91 | metadata={"bbox": [267, 198, 353, 284]}
2026-10-03 00:14:51,376 | INFO | EVENT=EMBEDDING_GENERATED | metadata={"dim": 512, "fallback": true}
2026-10-03 00:14:51,376 | INFO | EVENT=RECOGNIZED | face_id=VIS-00001 | confidence=0.97
2026-10-03 00:14:51,383 | INFO | EVENT=TRACKING | track_id=4 | confidence=0.91 | metadata={"bbox": [267, 198, 353, 284]}
2026-10-03 00:14:51,406 | INFO | EVENT=EMBEDDING_GENERATED | metadata={"dim": 512, "fallback": true}
2026-10-03 00:14:51,407 | INFO | EVENT=RECOGNIZED | face_id=VIS-00001 | confidence=0.97
2026-10-03 00:14:51,414 | INFO | EVENT=TRACKING | track_id=4 | confidence=0.91 | metadata={"bbox": [267, 198, 353, 284]}
2026-10-03 00:14:51,436 | INFO | EVENT=EMBEDDING_GENERATED | metadata={"dim": 512, "fallback": true}
2026-10-03 00:14:51,436 | INFO | EVENT=RECOGNIZED | face_id=VIS-00001 | confidence=0.97
2026-10-03 00:14:51,577 | INFO | EVENT=FACE_DETECTED | confidence=0.91 | metadata={"frame": 295, "bbox": [288, 196, 374, 282]}
2026-10-03 00:14:51,579 | INFO | EVENT=TRACKING | track_id=4 | confidence=0.91 | metadata={"bbox": [288, 196, 374, 282]}
2026-10-03 00:14:51,600 | INFO | EVENT=EMBEDDING_GENERATED | metadata={"dim": 512, "fallback": true}
2026-10-03 00:14:51,601 | INFO | EVENT=RECOGNIZED | face_id=VIS-00001 | confidence=0.97
2026-10-03 00:14:51,608 | INFO | EVENT=TRACKING | track_id=4 | confidence=0.91 | metadata={"bbox": [288, 196, 374, 282]}
2026-10-03 00:14:51,632 | INFO | EVENT=EMBEDDING_GENERATED | metadata={"dim": 512, "fallback": true}
2026-10-03 00:14:51,633 | INFO | EVENT=RECOGNIZED | face_id=VIS-00001 | confidence=0.97
2026-10-03 00:14:51,639 | INFO | EVENT=TRACKING | track_id=4 | confidence=0.91 | metadata={"bbox": [288, 196, 374, 282]}
2026-10-03 00:14:51,663 | INFO | EVENT=EMBEDDING_GENERATED | metadata={"dim": 512, "fallback": true}
2026-10-03 00:14:51,663 | INFO | EVENT=RECOGNIZED | face_id=VIS-00001 | confidence=0.97
2026-10-03 00:14:51,670 | INFO | EVENT=TRACKING | track_id=4 | confidence=0.91 | metadata={"bbox": [288, 196, 374, 282]}
2026-10-03 00:14:51,690 | INFO | EVENT=EMBEDDING_GENERATED | metadata={"dim": 512, "fallback": true}
2026-10-03 00:14:51,691 | INFO | EVENT=RECOGNIZED | face_id=VIS-00001 | confidence=0.97
2026-10-03 00:14:51,698 | INFO | EVENT=TRACKING | track_id=4 | confidence=0.91 | metadata={"bbox": [288, 196, 374, 282]}
2026-10-03 00:14:51,720 | INFO | EVENT=EMBEDDING_GENERATED | metadata={"dim": 512, "fallback": true}
2026-10-03 00:14:51,720 | INFO | EVENT=RECOGNIZED | face_id=VIS-00001 | confidence=0.96
2026-10-03 00:14:51,727 | INFO | EVENT=TRACKING | track_id=4 | confidence=0.91 | metadata={"bbox": [288, 196, 374, 282]}
2026-10-03 00:14:51,749 | INFO | EVENT=EMBEDDING_GENERATED | metadata={"dim": 512, "fallback": true}
2026-10-03 00:14:51,749 | INFO | EVENT=RECOGNIZED | face_id=VIS-00001 | confidence=0.97
2026-10-03 00:14:51,893 | INFO | EVENT=FACE_DETECTED | confidence=0.91 | metadata={"frame": 301, "bbox": [306, 197, 394, 285]}
2026-10-03 00:14:51,895 | INFO | EVENT=TRACKING | track_id=4 | confidence=0.91 | metadata={"bbox": [306, 197, 394, 285]}
2026-10-03 00:14:51,916 | INFO | EVENT=EMBEDDING_GENERATED | metadata={"dim": 512, "fallback": true}
2026-10-03 00:14:51,916 | INFO | EVENT=RECOGNIZED | face_id=VIS-00001 | confidence=0.97
2026-10-03 00:14:51,923 | INFO | EVENT=TRACKING | track_id=4 | confidence=0.91 | metadata={"bbox": [306, 197, 394, 285]}
2026-10-03 00:14:51,944 | INFO | EVENT=EMBEDDING_GENERATED | metadata={"dim": 512, "fallback": true}
2026-10-03 00:14:51,944 | INFO | EVENT=RECOGNIZED | face_id=VIS-00001 | confidence=0.97
2026-10-03 00:14:51,950 | INFO | EVENT=TRACKING | track_id=4 | confidence=0.91 | metadata={"bbox": [306, 197, 394, 285]}
2026-10-03 00:14:51,972 | INFO | EVENT=EMBEDDING_GENERATED | metadata={"dim": 512, "fallback": true}
2026-10-03 00:14:51,972 | INFO | EVENT=RECOGNIZED | face_id=VIS-00001 | confidence=0.97
2026-10-03 00:14:51,979 | INFO | EVENT=TRACKING | track_id=4 | confidence=0.91 | metadata={"bbox": [306, 197, 394, 285]}
2026-10-03 00:14:52,001 | INFO | EVENT=EMBEDDING_GENERATED | metadata={"dim": 512, "fallback": true}
2026-10-03 00:14:52,001 | INFO | EVENT=RECOGNIZED | face_id=VIS-00001 | confidence=0.96
2026-10-03 00:14:52,007 | INFO | EVENT=TRACKING | track_id=4 | confidence=0.91 | metadata={"bbox": [306, 197, 394, 285]}
2026-10-03 00:14:52,031 | INFO | EVENT=EMBEDDING_GENERATED | metadata={"dim": 512, "fallback": true}
2026-10-03 00:14:52,032 | INFO | EVENT=RECOGNIZED | face_id=VIS-00001 | confidence=0.95
2026-10-03 00:14:52,039 | INFO | EVENT=TRACKING | track_id=4 | confidence=0.91 | metadata={"bbox": [306, 197, 394, 285]}
2026-10-03 00:14:52,060 | INFO | EVENT=EMBEDDING_GENERATED | metadata={"dim": 512, "fallback": true}
2026-10-03 00:14:52,061 | INFO | EVENT=RECOGNIZED | face_id=VIS-00001 | confidence=0.94
2026-10-03 00:14:52,200 | INFO | EVENT=FACE_DETECTED | confidence=0.91 | metadata={"frame": 307, "bbox": [326, 197, 414, 285]}
2026-10-03 00:14:52,202 | INFO | EVENT=TRACKING | track_id=4 | confidence=0.91 | metadata={"bbox": [326, 197, 414, 285]}
2026-10-03 00:14:52,226 | INFO | EVENT=EMBEDDING_GENERATED | metadata={"dim": 512, "fallback": true}
2026-10-03 00:14:52,226 | INFO | EVENT=RECOGNIZED | face_id=VIS-00001 | confidence=0.97
2026-10-03 00:14:52,233 | INFO | EVENT=TRACKING | track_id=4 | confidence=0.91 | metadata={"bbox": [326, 197, 414, 285]}
2026-10-03 00:14:52,254 | INFO | EVENT=EMBEDDING_GENERATED | metadata={"dim": 512, "fallback": true}
2026-10-03 00:14:52,255 | INFO | EVENT=RECOGNIZED | face_id=VIS-00001 | confidence=0.97
2026-10-03 00:14:52,261 | INFO | EVENT=TRACKING | track_id=4 | confidence=0.91 | metadata={"bbox": [326, 197, 414, 285]}
2026-10-03 00:14:52,284 | INFO | EVENT=EMBEDDING_GENERATED | metadata={"dim": 512, "fallback": true}
2026-10-03 00:14:52,285 | INFO | EVENT=RECOGNIZED | face_id=VIS-00001 | confidence=0.98
2026-10-03 00:14:52,293 | INFO | EVENT=TRACKING | track_id=4 | confidence=0.91 | metadata={"bbox": [326, 197, 414, 285]}
2026-10-03 00:14:52,316 | INFO | EVENT=EMBEDDING_GENERATED | metadata={"dim": 512, "fallback": true}
2026-10-03 00:14:52,316 | INFO | EVENT=RECOGNIZED | face_id=VIS-00001 | confidence=0.98
2026-10-03 00:14:52,325 | INFO | EVENT=TRACKING | track_id=4 | confidence=0.91 | metadata={"bbox": [326, 197, 414, 285]}
2026-10-03 00:14:52,352 | INFO | EVENT=EMBEDDING_GENERATED | metadata={"dim": 512, "fallback": true}
2026-10-03 00:14:52,352 | INFO | EVENT=RECOGNIZED | face_id=VIS-00001 | confidence=0.97
2026-10-03 00:14:52,359 | INFO | EVENT=TRACKING | track_id=4 | confidence=0.91 | metadata={"bbox": [326, 197, 414, 285]}
2026-10-03 00:14:52,387 | INFO | EVENT=EMBEDDING_GENERATED | metadata={"dim": 512, "fallback": true}
2026-10-03 00:14:52,387 | INFO | EVENT=RECOGNIZED | face_id=VIS-00001 | confidence=0.97
2026-10-03 00:14:52,623 | INFO | EVENT=FACE_DETECTED | confidence=0.91 | metadata={"frame": 313, "bbox": [348, 198, 434, 284]}
2026-10-03 00:14:52,625 | INFO | EVENT=TRACKING | track_id=4 | confidence=0.91 | metadata={"bbox": [348, 198, 434, 284]}
2026-10-03 00:14:52,646 | INFO | EVENT=EMBEDDING_GENERATED | metadata={"dim": 512, "fallback": true}
2026-10-03 00:14:52,646 | INFO | EVENT=RECOGNIZED | face_id=VIS-00001 | confidence=0.97
2026-10-03 00:14:52,653 | INFO | EVENT=TRACKING | track_id=4 | confidence=0.91 | metadata={"bbox": [348, 198, 434, 284]}
2026-10-03 00:14:52,675 | INFO | EVENT=EMBEDDING_GENERATED | metadata={"dim": 512, "fallback": true}
2026-10-03 00:14:52,675 | INFO | EVENT=RECOGNIZED | face_id=VIS-00001 | confidence=0.98
2026-10-03 00:14:52,682 | INFO | EVENT=TRACKING | track_id=4 | confidence=0.91 | metadata={"bbox": [348, 198, 434, 284]}
2026-10-03 00:14:52,705 | INFO | EVENT=EMBEDDING_GENERATED | metadata={"dim": 512, "fallback": true}
2026-10-03 00:14:52,705 | INFO | EVENT=RECOGNIZED | face_id=VIS-00001 | confidence=0.98
2026-10-03 00:14:52,712 | INFO | EVENT=TRACKING | track_id=4 | confidence=0.91 | metadata={"bbox": [348, 198, 434, 284]}
2026-10-03 00:14:52,732 | INFO | EVENT=EMBEDDING_GENERATED | metadata={"dim": 512, "fallback": true}
2026-10-03 00:14:52,733 | INFO | EVENT=RECOGNIZED | face_id=VIS-00001 | confidence=0.98
2026-10-03 00:14:52,739 | INFO | EVENT=TRACKING | track_id=4 | confidence=0.91 | metadata={"bbox": [348, 198, 434, 284]}
2026-10-03 00:14:52,759 | INFO | EVENT=EMBEDDING_GENERATED | metadata={"dim": 512, "fallback": true}
2026-10-03 00:14:52,759 | INFO | EVENT=RECOGNIZED | face_id=VIS-00001 | confidence=0.97
2026-10-03 00:14:52,766 | INFO | EVENT=TRACKING | track_id=4 | confidence=0.91 | metadata={"bbox": [348, 198, 434, 284]}
2026-10-03 00:14:52,788 | INFO | EVENT=EMBEDDING_GENERATED | metadata={"dim": 512, "fallback": true}
2026-10-03 00:14:52,788 | INFO | EVENT=RECOGNIZED | face_id=VIS-00001 | confidence=0.97
2026-10-03 00:14:52,926 | INFO | EVENT=FACE_DETECTED | confidence=0.91 | metadata={"frame": 319, "bbox": [367, 198, 453, 284]}
2026-10-03 00:14:52,928 | INFO | EVENT=TRACKING | track_id=4 | confidence=0.91 | metadata={"bbox": [367, 198, 453, 284]}
2026-10-03 00:14:52,949 | INFO | EVENT=EMBEDDING_GENERATED | metadata={"dim": 512, "fallback": true}
2026-10-03 00:14:52,949 | INFO | EVENT=RECOGNIZED | face_id=VIS-00001 | confidence=0.97
2026-10-03 00:14:52,956 | INFO | EVENT=TRACKING | track_id=4 | confidence=0.91 | metadata={"bbox": [367, 198, 453, 284]}
2026-10-03 00:14:52,982 | INFO | EVENT=EMBEDDING_GENERATED | metadata={"dim": 512, "fallback": true}
2026-10-03 00:14:52,983 | INFO | EVENT=RECOGNIZED | face_id=VIS-00001 | confidence=0.98
2026-10-03 00:14:52,989 | INFO | EVENT=TRACKING | track_id=4 | confidence=0.91 | metadata={"bbox": [367, 198, 453, 284]}
2026-10-03 00:14:53,009 | INFO | EVENT=EMBEDDING_GENERATED | metadata={"dim": 512, "fallback": true}
2026-10-03 00:14:53,009 | INFO | EVENT=RECOGNIZED | face_id=VIS-00001 | confidence=0.98
2026-10-03 00:14:53,016 | INFO | EVENT=TRACKING | track_id=4 | confidence=0.91 | metadata={"bbox": [367, 198, 453, 284]}
2026-10-03 00:14:53,038 | INFO | EVENT=EMBEDDING_GENERATED | metadata={"dim": 512, "fallback": true}
2026-10-03 00:14:53,039 | INFO | EVENT=RECOGNIZED | face_id=VIS-00001 | confidence=0.97
2026-10-03 00:14:53,046 | INFO | EVENT=TRACKING | track_id=4 | confidence=0.91 | metadata={"bbox": [367, 198, 453, 284]}
2026-10-03 00:14:53,072 | INFO | EVENT=EMBEDDING_GENERATED | metadata={"dim": 512, "fallback": true}
2026-10-03 00:14:53,072 | INFO | EVENT=RECOGNIZED | face_id=VIS-00001 | confidence=0.96
2026-10-03 00:14:53,079 | INFO | EVENT=TRACKING | track_id=4 | confidence=0.91 | metadata={"bbox": [367, 198, 453, 284]}
2026-10-03 00:14:53,100 | INFO | EVENT=EMBEDDING_GENERATED | metadata={"dim": 512, "fallback": true}
2026-10-03 00:14:53,101 | INFO | EVENT=RECOGNIZED | face_id=VIS-00001 | confidence=0.97
2026-10-03 00:14:53,244 | INFO | EVENT=FACE_DETECTED | confidence=0.91 | metadata={"frame": 325, "bbox": [387, 198, 473, 284]}
2026-10-03 00:14:53,245 | INFO | EVENT=TRACKING | track_id=4 | confidence=0.91 | metadata={"bbox": [387, 198, 473, 284]}
2026-10-03 00:14:53,267 | INFO | EVENT=EMBEDDING_GENERATED | metadata={"dim": 512, "fallback": true}
2026-10-03 00:14:53,267 | INFO | EVENT=RECOGNIZED | face_id=VIS-00001 | confidence=0.97
2026-10-03 00:14:53,274 | INFO | EVENT=TRACKING | track_id=4 | confidence=0.91 | metadata={"bbox": [387, 198, 473, 284]}
2026-10-03 00:14:53,296 | INFO | EVENT=EMBEDDING_GENERATED | metadata={"dim": 512, "fallback": true}
2026-10-03 00:14:53,297 | INFO | EVENT=RECOGNIZED | face_id=VIS-00001 | confidence=0.97
2026-10-03 00:14:53,303 | INFO | EVENT=TRACKING | track_id=4 | confidence=0.91 | metadata={"bbox": [387, 198, 473, 284]}
2026-10-03 00:14:53,322 | INFO | EVENT=EMBEDDING_GENERATED | metadata={"dim": 512, "fallback": true}
2026-10-03 00:14:53,323 | INFO | EVENT=RECOGNIZED | face_id=VIS-00001 | confidence=0.97
2026-10-03 00:14:53,330 | INFO | EVENT=TRACKING | track_id=4 | confidence=0.91 | metadata={"bbox": [387, 198, 473, 284]}
2026-10-03 00:14:53,355 | INFO | EVENT=EMBEDDING_GENERATED | metadata={"dim": 512, "fallback": true}
2026-10-03 00:14:53,355 | INFO | EVENT=RECOGNIZED | face_id=VIS-00001 | confidence=0.97
2026-10-03 00:14:53,362 | INFO | EVENT=TRACKING | track_id=4 | confidence=0.91 | metadata={"bbox": [387, 198, 473, 284]}
2026-10-03 00:14:53,387 | INFO | EVENT=EMBEDDING_GENERATED | metadata={"dim": 512, "fallback": true}
2026-10-03 00:14:53,387 | INFO | EVENT=RECOGNIZED | face_id=VIS-00001 | confidence=0.96
2026-10-03 00:14:53,395 | INFO | EVENT=TRACKING | track_id=4 | confidence=0.91 | metadata={"bbox": [387, 198, 473, 284]}
2026-10-03 00:14:53,417 | INFO | EVENT=EMBEDDING_GENERATED | metadata={"dim": 512, "fallback": true}
2026-10-03 00:14:53,417 | INFO | EVENT=RECOGNIZED | face_id=VIS-00001 | confidence=0.95
2026-10-03 00:14:53,558 | INFO | EVENT=FACE_DETECTED | confidence=0.91 | metadata={"frame": 331, "bbox": [407, 197, 495, 285]}
2026-10-03 00:14:53,559 | INFO | EVENT=TRACKING | track_id=4 | confidence=0.91 | metadata={"bbox": [407, 197, 495, 285]}
2026-10-03 00:14:53,582 | INFO | EVENT=EMBEDDING_GENERATED | metadata={"dim": 512, "fallback": true}
2026-10-03 00:14:53,582 | INFO | EVENT=RECOGNIZED | face_id=VIS-00001 | confidence=0.97
2026-10-03 00:14:53,589 | INFO | EVENT=TRACKING | track_id=4 | confidence=0.91 | metadata={"bbox": [407, 197, 495, 285]}
2026-10-03 00:14:53,608 | INFO | EVENT=EMBEDDING_GENERATED | metadata={"dim": 512, "fallback": true}
2026-10-03 00:14:53,608 | INFO | EVENT=RECOGNIZED | face_id=VIS-00001 | confidence=0.62
2026-10-03 00:14:53,615 | INFO | EVENT=TRACKING | track_id=4 | confidence=0.91 | metadata={"bbox": [407, 197, 495, 285]}
2026-10-03 00:14:53,637 | INFO | EVENT=EMBEDDING_GENERATED | metadata={"dim": 512, "fallback": true}
2026-10-03 00:14:53,638 | INFO | EVENT=RECOGNIZED | face_id=VIS-00001 | confidence=0.62
2026-10-03 00:14:53,644 | INFO | EVENT=TRACKING | track_id=4 | confidence=0.91 | metadata={"bbox": [407, 197, 495, 285]}
2026-10-03 00:14:53,667 | INFO | EVENT=EMBEDDING_GENERATED | metadata={"dim": 512, "fallback": true}
2026-10-03 00:14:53,668 | INFO | EVENT=RECOGNIZED | face_id=VIS-00001 | confidence=0.62
2026-10-03 00:14:53,674 | INFO | EVENT=TRACKING | track_id=4 | confidence=0.91 | metadata={"bbox": [407, 197, 495, 285]}
2026-10-03 00:14:53,698 | INFO | EVENT=EMBEDDING_GENERATED | metadata={"dim": 512, "fallback": true}
2026-10-03 00:14:53,699 | INFO | EVENT=RECOGNIZED | face_id=VIS-00001 | confidence=0.62
2026-10-03 00:14:53,704 | INFO | EVENT=TRACKING | track_id=4 | confidence=0.91 | metadata={"bbox": [407, 197, 495, 285]}
2026-10-03 00:14:53,724 | INFO | EVENT=EMBEDDING_GENERATED | metadata={"dim": 512, "fallback": true}
2026-10-03 00:14:53,724 | INFO | EVENT=RECOGNIZED | face_id=VIS-00001 | confidence=0.62
2026-10-03 00:14:55,414 | INFO | EVENT=EXIT | face_id=VIS-00001 | track_id=4 | confidence=0.62 | metadata={"image_path": "logs/exits\\2026-10-02\\VIS-00001_2026-10-02_184455.jpg", "frame": 360}
